collection,evidence_class,run,variant,case,n,mean_ns,p50_ns,p95_ns,max_ns,user_us,sys_us,minor_faults,major_faults,voluntary_cs,involuntary_cs,lvdesk_ticks,clk_tck,boundary,accepted
before-isolated,exploratory,before-isolated/sdl1-d8-r1,sdl1-d8,timer_overhead,24,52007,5378,55080,806256,549,932,0,0,1,1,0,100,cpu,True
before-isolated,exploratory,before-isolated/sdl1-d8-r1,sdl1-d8,event_pump,24,1730939,1441754,2841279,5196937,704,41201,0,0,23,28,0,100,api_return,True
before-isolated,exploratory,before-isolated/sdl1-d8-r1,sdl1-d8,index8_to_rgb565,24,11338954,9826360,15196307,38846546,207455,28367,0,0,137,151,1,100,cpu,True
before-isolated,exploratory,before-isolated/sdl1-d8-r1,sdl1-d8,index8_to_xrgb8888,24,26968140,19727292,54426366,55604196,447715,12659,0,0,306,337,12,100,cpu,True
before-isolated,exploratory,before-isolated/sdl1-d8-r1,sdl1-d8,fill_rgb565,24,5667956,5065737,7995750,10153595,118657,9769,0,0,78,81,0,100,cpu,True
before-isolated,exploratory,before-isolated/sdl1-d8-r1,sdl1-d8,blit_to_screen,24,43845041,42480695,48962526,50234218,916715,78658,0,0,596,656,2,100,cpu_no_present,True
before-isolated,exploratory,before-isolated/sdl1-d8-r1,sdl1-d8,alpha32_sprite,24,1125483,788205,3044900,4004250,23583,0,0,0,14,17,0,100,cpu,True
before-isolated,exploratory,before-isolated/sdl1-d8-r1,sdl1-d8,colorkey_sprite,24,1660166,1381877,2795223,5194478,29123,9650,0,0,23,25,0,100,cpu,True
before-isolated,exploratory,before-isolated/sdl1-d8-r1,sdl1-d8,present_full,24,39462061,29080925,61060929,65790721,221631,194591,0,0,480,200,51,100,submit_and_pump_not_scanout,True
before-isolated,exploratory,before-isolated/sdl1-d8-r1,sdl1-d8,present_dirty32,24,21467940,18622701,34616235,38257839,105970,156836,0,0,254,122,24,100,submit_and_pump_not_scanout,True
before-isolated,exploratory,before-isolated/sdl1-d8-r1,sdl1-d8,flip_full,24,40537702,30992068,59586942,60331752,228414,192427,0,0,502,198,52,100,submit_and_pump_not_scanout,True
before-isolated,exploratory,before-isolated/sdl1-d8-r1,sdl1-d8,application_expand,24,7274081,5923267,12798779,14055002,148305,5509,0,0,93,101,2,100,application_cpu,True
before-isolated,exploratory,before-isolated/sdl1-d8-r1,sdl1-d8,tyrian_frame,24,60987527,69850752,77061901,77564265,529840,230758,0,0,696,476,65,100,synthetic_cpu_application_expand_flip_pump_not_scanout,True
before-isolated,exploratory,before-isolated/sdl1-d8-r1,sdl1-d8,buffer_copy,24,6400954,5221947,10047160,13143863,103231,31783,0,0,81,93,2,100,cpu,True
before-isolated,exploratory,before-isolated/sdl1-d8-r1,sdl1-d8,sprite_cpu,24,8703537,8048431,12912122,14198741,188794,9825,0,0,111,124,0,100,synthetic_cpu,True
before-isolated,exploratory,before-isolated/sdl1-d8-r1,sdl1-d8,sprite_frame,24,63850494,69092517,74736240,78039936,606159,182764,0,0,739,478,70,100,synthetic_cpu_convert_flip_pump_not_scanout,True
before-isolated,exploratory,before-isolated/sdl1-d8-r1,sdl1-d8,indexed_frame,24,55617845,60848173,74264526,75084511,524907,144317,0,0,659,402,63,100,convert_submit_pump_not_scanout,True
before-isolated,exploratory,before-isolated/sdl1-d8-r1,sdl1-d8,palette_only,24,15417989,14299581,20123439,21299391,87658,134794,0,0,196,139,15,100,submit_and_pump_not_scanout,True
before-isolated,exploratory,before-isolated/sdl1-d16-r1,sdl1-d16,timer_overhead,24,9268,2463,3447,12563,866,969,0,0,1,1,0,100,cpu,True
before-isolated,exploratory,before-isolated/sdl1-d16-r1,sdl1-d16,event_pump,24,1598172,1500007,2245943,2732675,20387,20445,0,0,24,24,0,100,api_return,True
before-isolated,exploratory,before-isolated/sdl1-d16-r1,sdl1-d16,index8_to_rgb565,24,16665706,10976301,32298964,44749841,248868,45727,0,0,189,213,5,100,cpu,True
before-isolated,exploratory,before-isolated/sdl1-d16-r1,sdl1-d16,index8_to_xrgb8888,24,18454653,16325055,25485290,29538907,407692,0,0,0,248,272,3,100,cpu,True
before-isolated,exploratory,before-isolated/sdl1-d16-r1,sdl1-d16,fill_rgb565,24,5875996,5043212,10046641,13325462,127357,5177,0,0,81,88,0,100,cpu,True
before-isolated,exploratory,before-isolated/sdl1-d16-r1,sdl1-d16,blit_to_screen,24,12399244,11564824,16323706,17006817,280838,0,0,0,168,190,1,100,cpu_no_present,True
before-isolated,exploratory,before-isolated/sdl1-d16-r1,sdl1-d16,alpha32_sprite,24,664307,354048,1287137,1450400,16647,0,0,0,8,10,0,100,cpu,True
before-isolated,exploratory,before-isolated/sdl1-d16-r1,sdl1-d16,colorkey_sprite,24,1666408,1596915,2011706,2072463,41072,364,0,0,23,25,0,100,cpu,True
before-isolated,exploratory,before-isolated/sdl1-d16-r1,sdl1-d16,present_full,24,53965642,45107011,76357243,79429956,440414,102008,0,0,682,268,71,100,submit_and_pump_not_scanout,True
before-isolated,exploratory,before-isolated/sdl1-d16-r1,sdl1-d16,present_dirty32,24,24052564,19713699,40101579,50192454,147862,126637,0,0,280,134,28,100,submit_and_pump_not_scanout,True
before-isolated,exploratory,before-isolated/sdl1-d16-r1,sdl1-d16,flip_full,24,50828695,42005768,73036408,73618191,374278,146178,0,0,624,245,66,100,submit_and_pump_not_scanout,True
before-isolated,exploratory,before-isolated/sdl1-d16-r1,sdl1-d16,application_expand,24,11668184,10297132,16834355,17172638,237737,18010,0,0,149,171,4,100,application_cpu,True
before-isolated,exploratory,before-isolated/sdl1-d16-r1,sdl1-d16,tyrian_frame,24,81987675,87824782,95766742,95950116,824365,168765,0,0,996,635,92,100,synthetic_cpu_application_expand_flip_pump_not_scanout,True
before-isolated,exploratory,before-isolated/sdl1-d16-r1,sdl1-d16,buffer_copy,24,6898319,5053403,12118173,17539939,135559,0,0,0,85,97,2,100,cpu,True
before-isolated,exploratory,before-isolated/sdl1-d16-r1,sdl1-d16,sprite_cpu,24,8799651,8060123,13033839,15038667,198679,0,0,0,118,136,1,100,synthetic_cpu,True
before-isolated,exploratory,before-isolated/sdl1-d16-r1,sdl1-d16,sprite_frame,24,80002376,85287909,95793994,96658349,842061,131888,0,0,952,588,88,100,synthetic_cpu_convert_flip_pump_not_scanout,True
before-isolated,exploratory,before-isolated/sdl1-d16-r1,sdl1-d16,indexed_frame,24,72380382,78986878,92853419,92895216,635338,213873,0,0,878,496,85,100,convert_submit_pump_not_scanout,True
before-isolated,exploratory,before-isolated/sdl1-d32-r1,sdl1-d32,timer_overhead,24,18853,2481,3109,4907,568,1099,0,0,1,1,0,100,cpu,True
before-isolated,exploratory,before-isolated/sdl1-d32-r1,sdl1-d32,event_pump,24,2083500,1738024,4490691,8400797,17547,25155,0,0,25,28,0,100,api_return,True
before-isolated,exploratory,before-isolated/sdl1-d32-r1,sdl1-d32,index8_to_rgb565,24,16874940,11769327,34702760,40213731,279082,3447,0,0,175,199,6,100,cpu,True
before-isolated,exploratory,before-isolated/sdl1-d32-r1,sdl1-d32,index8_to_xrgb8888,24,17062123,15099542,21548277,23225661,362931,19600,0,0,226,259,1,100,cpu,True
before-isolated,exploratory,before-isolated/sdl1-d32-r1,sdl1-d32,fill_rgb565,24,6039993,5038747,11050137,13939890,135354,0,0,0,81,87,1,100,cpu,True
before-isolated,exploratory,before-isolated/sdl1-d32-r1,sdl1-d32,blit_to_screen,24,69393826,70932952,74926261,76791889,1542165,23539,0,0,945,1030,5,100,cpu_no_present,True
before-isolated,exploratory,before-isolated/sdl1-d32-r1,sdl1-d32,alpha32_sprite,24,165686,117248,317523,568705,0,4930,0,0,0,0,0,100,cpu,True
before-isolated,exploratory,before-isolated/sdl1-d32-r1,sdl1-d32,colorkey_sprite,24,1168510,204330,2863024,11773567,13937,7713,0,0,8,16,0,100,cpu,True
before-isolated,exploratory,before-isolated/sdl1-d32-r1,sdl1-d32,present_full,24,81864254,74202972,106935810,110559745,1007395,137563,0,0,975,777,77,100,submit_and_pump_not_scanout,True
before-isolated,exploratory,before-isolated/sdl1-d32-r1,sdl1-d32,present_dirty32,24,24350293,20131665,35792178,42858487,178529,111023,0,0,300,153,28,100,submit_and_pump_not_scanout,True
before-isolated,exploratory,before-isolated/sdl1-d32-r1,sdl1-d32,flip_full,24,84561926,79055131,107003068,108916343,1035678,147274,0,0,1013,820,79,100,submit_and_pump_not_scanout,True
before-isolated,exploratory,before-isolated/sdl1-d32-r1,sdl1-d32,application_expand,24,15969223,15302598,21656711,23795475,329129,37421,0,0,208,234,1,100,application_cpu,True
before-isolated,exploratory,before-isolated/sdl1-d32-r1,sdl1-d32,tyrian_frame,24,120091873,116932081,168622928,215011784,1430020,188115,0,0,1371,1149,115,100,synthetic_cpu_application_expand_flip_pump_not_scanout,True
before-isolated,exploratory,before-isolated/sdl1-d32-r1,sdl1-d32,buffer_copy,24,6584000,5089462,12010168,13026266,128268,9803,0,0,84,93,1,100,cpu,True
before-isolated,exploratory,before-isolated/sdl1-d32-r1,sdl1-d32,sprite_cpu,24,7973397,7665796,12092710,20495988,177169,2181,0,0,102,112,1,100,synthetic_cpu,True
before-isolated,exploratory,before-isolated/sdl1-d32-r1,sdl1-d32,sprite_frame,24,113002213,114815061,133960440,135793784,1293637,290707,0,0,1282,1136,106,100,synthetic_cpu_convert_flip_pump_not_scanout,True
before-isolated,exploratory,before-isolated/sdl1-d32-r1,sdl1-d32,indexed_frame,24,111211281,110388059,125151610,125562317,1259264,244044,0,0,1272,1085,108,100,convert_submit_pump_not_scanout,True
before-isolated,exploratory,before-isolated/sdl2-render-r1,sdl2-render,timer_overhead,24,11369,2400,2447,4478,482,405,0,0,0,0,0,100,cpu,True
before-isolated,exploratory,before-isolated/sdl2-render-r1,sdl2-render,event_pump,24,2544890,1852186,5677266,6002328,37972,19055,0,0,0,58,0,100,api_return,True
before-isolated,exploratory,before-isolated/sdl2-render-r1,sdl2-render,index8_to_argb8888,24,24996028,21936327,43161065,43622789,365610,98408,0,0,0,423,9,100,cpu,True
before-isolated,exploratory,before-isolated/sdl2-render-r1,sdl2-render,lock_texture_copy,24,15745978,16800663,27005716,33374769,297666,67327,0,0,0,144,0,100,cpu_upload,True
before-isolated,exploratory,before-isolated/sdl2-render-r1,sdl2-render,index8_lock_texture,24,18504217,17861121,30251140,32035698,385665,39247,0,0,0,178,2,100,cpu_convert_upload,True
before-isolated,exploratory,before-isolated/sdl2-render-r1,sdl2-render,update_texture,24,15260158,16654123,29400058,31350864,314303,37092,0,0,0,115,1,100,api_return,True
before-isolated,exploratory,before-isolated/sdl2-render-r1,sdl2-render,render_clear,24,4699570,1893689,14712842,14772747,98869,10831,0,0,0,54,0,100,api_return,True
before-isolated,exploratory,before-isolated/sdl2-render-r1,sdl2-render,render_copy_native,24,18280187,17876921,28041789,35181818,330176,87983,0,0,0,158,1,100,api_return,True
before-isolated,exploratory,before-isolated/sdl2-render-r1,sdl2-render,render_scale_nearest,24,17742100,17851331,28004759,32239615,329746,87636,0,0,0,130,1,100,api_return,True
before-isolated,exploratory,before-isolated/sdl2-render-r1,sdl2-render,render_scale_linear,24,18106377,17929343,27839291,30294209,340365,78355,0,0,0,156,1,100,api_return,True
before-isolated,exploratory,before-isolated/sdl2-render-r1,sdl2-render,render_alpha,24,136606814,126873816,183546345,244438096,2751897,321937,0,0,0,1251,10,100,api_return,True
before-isolated,exploratory,before-isolated/sdl2-render-r1,sdl2-render,render_color_mod,24,146367679,136963928,189837262,197214334,2818694,479529,0,0,0,1380,9,100,api_return,True
before-isolated,exploratory,before-isolated/sdl2-render-r1,sdl2-render,render_present,24,54537591,52133145,73104775,74802388,658474,307125,0,0,24,601,32,100,clear_copy_submit_pump_not_scanout,True
before-isolated,exploratory,before-isolated/sdl2-render-r1,sdl2-render,indexed_frame,24,100620457,101074185,128120603,128157546,1301862,311122,0,0,34,1157,75,100,convert_clear_copy_submit_pump_not_scanout,True
before-isolated,exploratory,before-isolated/sdl2-render-r1,sdl2-render,target_two_pass,24,354773426,351893127,412891134,517307202,5458083,1664933,1512,0,37,4549,109,100,convert_nearest2x_linear_submit_pump_not_scanout,True
before-isolated,exploratory,before-isolated/sdl2-render-r1,sdl2-render,yuv420_frame,24,113284271,111684766,153429290,156014762,1792746,322920,50,0,26,1649,50,100,update_convert_submit_pump_not_scanout,True
before-isolated,exploratory,before-isolated/sdl2-surface-r1,sdl2-surface,timer_overhead,24,20313,2447,2469,4116,418,321,0,0,0,0,0,100,cpu,True
before-isolated,exploratory,before-isolated/sdl2-surface-r1,sdl2-surface,event_pump,24,2262321,1871645,5020034,7201036,11856,40058,0,0,0,54,1,100,api_return,True
before-isolated,exploratory,before-isolated/sdl2-surface-r1,sdl2-surface,index8_to_argb8888,24,28771310,29083750,45201268,51408125,409520,91558,0,0,0,487,13,100,cpu,True
before-isolated,exploratory,before-isolated/sdl2-surface-r1,sdl2-surface,surface_frame,24,59172050,63710533,87785050,91434851,606726,254460,0,0,30,543,53,100,convert_submit_pump_not_scanout,True
before-isolated,exploratory,before-isolated/sdl2-surface-r1,sdl2-surface,surface_dirty32,24,24210991,17820111,42857791,42931844,236952,117443,0,0,33,243,22,100,submit_and_pump_not_scanout,True
before-isolated,exploratory,before-isolated/sdl2-surface-r2,sdl2-surface,timer_overhead,24,13579,2390,2410,11334,1301,656,0,0,0,2,0,100,cpu,True
before-isolated,exploratory,before-isolated/sdl2-surface-r2,sdl2-surface,event_pump,24,436737,145579,1126536,3923131,0,9227,0,0,0,2,0,100,api_return,True
before-isolated,exploratory,before-isolated/sdl2-surface-r2,sdl2-surface,index8_to_argb8888,24,23120779,19757460,45871550,51835964,361648,62676,0,0,0,316,8,100,cpu,True
before-isolated,exploratory,before-isolated/sdl2-surface-r2,sdl2-surface,surface_frame,24,59033345,55125484,83392808,91716326,601129,275947,0,0,37,612,52,100,convert_submit_pump_not_scanout,True
before-isolated,exploratory,before-isolated/sdl2-surface-r2,sdl2-surface,surface_dirty32,24,23365744,19930486,38450805,42228897,161820,181731,0,0,33,247,21,100,submit_and_pump_not_scanout,True
before-isolated,exploratory,before-isolated/sdl2-render-r2,sdl2-render,timer_overhead,24,5862,2522,2538,3353,381,340,0,0,0,0,0,100,cpu,True
before-isolated,exploratory,before-isolated/sdl2-render-r2,sdl2-render,event_pump,24,858040,161942,927366,13930253,9007,9082,0,0,0,7,0,100,api_return,True
before-isolated,exploratory,before-isolated/sdl2-render-r2,sdl2-render,index8_to_argb8888,24,18627875,16058924,37848122,37915064,261935,65563,0,0,0,149,7,100,cpu,True
before-isolated,exploratory,before-isolated/sdl2-render-r2,sdl2-render,lock_texture_copy,24,16036342,16835932,23229634,26125104,254829,127799,0,0,0,165,0,100,cpu_upload,True
before-isolated,exploratory,before-isolated/sdl2-render-r2,sdl2-render,index8_lock_texture,24,19331932,18508231,31330798,33196021,298963,144006,0,0,0,203,1,100,cpu_convert_upload,True
before-isolated,exploratory,before-isolated/sdl2-render-r2,sdl2-render,update_texture,24,19198300,18578532,28672789,32672289,337926,101782,0,0,0,290,1,100,api_return,True
before-isolated,exploratory,before-isolated/sdl2-render-r2,sdl2-render,render_clear,24,4761100,1873727,13642077,18158405,76891,38333,0,0,0,19,0,100,api_return,True
before-isolated,exploratory,before-isolated/sdl2-render-r2,sdl2-render,render_copy_native,24,20485503,17990609,34245364,44268104,361605,98208,0,0,0,235,2,100,api_return,True
before-isolated,exploratory,before-isolated/sdl2-render-r2,sdl2-render,render_scale_nearest,24,22852972,24077387,31879131,32840247,343976,177064,0,0,0,391,2,100,api_return,True
before-isolated,exploratory,before-isolated/sdl2-render-r2,sdl2-render,render_scale_linear,24,18950631,18179243,31658150,32689866,279957,154423,0,0,0,188,1,100,api_return,True
before-isolated,exploratory,before-isolated/sdl2-render-r2,sdl2-render,render_alpha,24,142427884,139573547,168483338,273028294,2458060,733809,0,0,0,1555,10,100,api_return,True
before-isolated,exploratory,before-isolated/sdl2-render-r2,sdl2-render,render_color_mod,24,142974736,135009147,197054320,227521620,2344843,848671,0,0,0,1166,10,100,api_return,True
before-isolated,exploratory,before-isolated/sdl2-render-r2,sdl2-render,render_present,24,58773720,63356344,81938661,83501454,722924,301759,0,0,26,799,34,100,clear_copy_submit_pump_not_scanout,True
before-isolated,exploratory,before-isolated/sdl2-render-r2,sdl2-render,indexed_frame,24,104651990,102063340,126879609,131805356,1138278,567942,0,0,30,1392,74,100,convert_clear_copy_submit_pump_not_scanout,True
before-isolated,exploratory,before-isolated/sdl2-render-r2,sdl2-render,target_two_pass,24,343843484,332271897,384996304,407988737,4832070,2105663,1512,0,32,4193,104,100,convert_nearest2x_linear_submit_pump_not_scanout,True
before-isolated,exploratory,before-isolated/sdl2-render-r2,sdl2-render,yuv420_frame,24,98822604,94016440,137909989,139182901,1305817,567237,0,0,20,1201,45,100,update_convert_submit_pump_not_scanout,True
before-isolated,exploratory,before-isolated/sdl1-d32-r2,sdl1-d32,timer_overhead,24,11273,2478,4934,11931,462,818,0,0,1,1,0,100,cpu,True
before-isolated,exploratory,before-isolated/sdl1-d32-r2,sdl1-d32,event_pump,24,1785622,1555302,3650933,3900283,7905,32002,0,0,24,24,0,100,api_return,True
before-isolated,exploratory,before-isolated/sdl1-d32-r2,sdl1-d32,index8_to_rgb565,24,19976963,14993891,32141175,57997072,266033,43179,0,0,216,235,11,100,cpu,True
before-isolated,exploratory,before-isolated/sdl1-d32-r2,sdl1-d32,index8_to_xrgb8888,24,16583333,15717444,23995564,25404917,350532,15545,0,0,214,236,1,100,cpu,True
before-isolated,exploratory,before-isolated/sdl1-d32-r2,sdl1-d32,fill_rgb565,24,5290616,5032128,8467862,8698344,112652,8596,0,0,71,77,1,100,cpu,True
before-isolated,exploratory,before-isolated/sdl1-d32-r2,sdl1-d32,blit_to_screen,24,60063263,64632435,70845057,72957307,1354328,5578,0,0,779,879,5,100,cpu_no_present,True
before-isolated,exploratory,before-isolated/sdl1-d32-r2,sdl1-d32,alpha32_sprite,24,623409,332607,1108401,1693901,13914,1414,0,0,9,9,0,100,cpu,True
before-isolated,exploratory,before-isolated/sdl1-d32-r2,sdl1-d32,colorkey_sprite,24,1728601,1273629,2903547,2973899,40429,0,0,0,24,24,0,100,cpu,True
before-isolated,exploratory,before-isolated/sdl1-d32-r2,sdl1-d32,present_full,24,83702481,80117246,108465423,117045316,995693,174393,0,0,987,780,80,100,submit_and_pump_not_scanout,True
before-isolated,exploratory,before-isolated/sdl1-d32-r2,sdl1-d32,present_dirty32,24,24221638,18302516,37810476,42764151,171379,118642,0,0,296,141,28,100,submit_and_pump_not_scanout,True
before-isolated,exploratory,before-isolated/sdl1-d32-r2,sdl1-d32,flip_full,24,85002704,80127063,105181061,110388686,1013455,165268,0,0,1029,792,81,100,submit_and_pump_not_scanout,True
before-isolated,exploratory,before-isolated/sdl1-d32-r2,sdl1-d32,application_expand,24,16873534,15552737,24041813,28754537,361227,14658,0,0,220,245,2,100,application_cpu,True
before-isolated,exploratory,before-isolated/sdl1-d32-r2,sdl1-d32,tyrian_frame,24,118820277,117189626,155591204,196103603,1386012,223526,0,0,1357,1123,114,100,synthetic_cpu_application_expand_flip_pump_not_scanout,True
before-isolated,exploratory,before-isolated/sdl1-d32-r2,sdl1-d32,buffer_copy,24,5544000,4975423,9966008,12182163,117363,0,0,0,69,77,2,100,cpu,True
before-isolated,exploratory,before-isolated/sdl1-d32-r2,sdl1-d32,sprite_cpu,24,8647507,7934070,11921433,12081830,197235,0,0,0,114,127,1,100,synthetic_cpu,True
before-isolated,exploratory,before-isolated/sdl1-d32-r2,sdl1-d32,sprite_frame,24,115246337,114158638,130559743,140213792,1378161,189759,0,0,1317,1115,113,100,synthetic_cpu_convert_flip_pump_not_scanout,True
before-isolated,exploratory,before-isolated/sdl1-d32-r2,sdl1-d32,indexed_frame,24,111273588,110264820,132494768,136171807,1301522,192854,0,0,1280,1071,110,100,convert_submit_pump_not_scanout,True
before-isolated,exploratory,before-isolated/sdl1-d16-r2,sdl1-d16,timer_overhead,24,13707,2440,2812,12706,532,821,0,0,1,1,0,100,cpu,True
before-isolated,exploratory,before-isolated/sdl1-d16-r2,sdl1-d16,event_pump,24,237052,91932,482825,1954047,5895,0,0,0,0,2,0,100,api_return,True
before-isolated,exploratory,before-isolated/sdl1-d16-r2,sdl1-d16,index8_to_rgb565,24,12876680,10301978,25553087,26438530,251205,8395,0,0,158,185,4,100,cpu,True
before-isolated,exploratory,before-isolated/sdl1-d16-r2,sdl1-d16,index8_to_xrgb8888,24,21578817,19110660,36462129,46023502,428138,0,0,0,264,297,9,100,cpu,True
before-isolated,exploratory,before-isolated/sdl1-d16-r2,sdl1-d16,fill_rgb565,24,5913555,5038022,8277562,8623849,107732,25833,0,0,80,90,0,100,cpu,True
before-isolated,exploratory,before-isolated/sdl1-d16-r2,sdl1-d16,blit_to_screen,24,12812791,11594980,17057086,17663341,277082,15440,0,0,175,195,2,100,cpu_no_present,True
before-isolated,exploratory,before-isolated/sdl1-d16-r2,sdl1-d16,alpha32_sprite,24,1174258,324497,2486512,6620681,16445,8115,0,0,16,19,0,100,cpu,True
before-isolated,exploratory,before-isolated/sdl1-d16-r2,sdl1-d16,colorkey_sprite,24,1900778,1610707,2959905,6166828,44113,950,0,0,27,30,0,100,cpu,True
before-isolated,exploratory,before-isolated/sdl1-d16-r2,sdl1-d16,present_full,24,51995684,50069071,72013751,76952358,384986,155407,0,0,638,260,66,100,submit_and_pump_not_scanout,True
before-isolated,exploratory,before-isolated/sdl1-d16-r2,sdl1-d16,present_dirty32,24,24974652,21420290,37889965,44170842,119964,174043,0,0,290,153,28,100,submit_and_pump_not_scanout,True
before-isolated,exploratory,before-isolated/sdl1-d16-r2,sdl1-d16,flip_full,24,51962776,41948609,71098585,73017881,434629,102901,0,0,649,270,67,100,submit_and_pump_not_scanout,True
before-isolated,exploratory,before-isolated/sdl1-d16-r2,sdl1-d16,application_expand,24,11509573,10661174,16282720,16478638,255824,0,0,0,149,171,1,100,application_cpu,True
before-isolated,exploratory,before-isolated/sdl1-d16-r2,sdl1-d16,tyrian_frame,24,81454797,84796697,94960954,100785075,715873,224172,0,0,956,525,96,100,synthetic_cpu_application_expand_flip_pump_not_scanout,True
before-isolated,exploratory,before-isolated/sdl1-d16-r2,sdl1-d16,buffer_copy,24,6432046,5070333,10204782,16402381,135006,1353,0,0,81,94,0,100,cpu,True
before-isolated,exploratory,before-isolated/sdl1-d16-r2,sdl1-d16,sprite_cpu,24,8606839,8005463,12863575,13914633,190091,6874,0,0,117,124,0,100,synthetic_cpu,True
before-isolated,exploratory,before-isolated/sdl1-d16-r2,sdl1-d16,sprite_frame,24,80000814,85242788,99647350,109926565,751069,236661,0,0,950,646,88,100,synthetic_cpu_convert_flip_pump_not_scanout,True
before-isolated,exploratory,before-isolated/sdl1-d16-r2,sdl1-d16,indexed_frame,24,70912360,79791212,89818292,91678956,665457,177616,0,0,844,525,81,100,convert_submit_pump_not_scanout,True
before-isolated,exploratory,before-isolated/sdl1-d8-r2,sdl1-d8,timer_overhead,24,6280,2559,3019,3466,296,373,0,0,0,0,0,100,cpu,True
before-isolated,exploratory,before-isolated/sdl1-d8-r2,sdl1-d8,event_pump,24,1702497,1595722,2146879,4075495,29917,9475,0,0,23,23,0,100,api_return,True
before-isolated,exploratory,before-isolated/sdl1-d8-r2,sdl1-d8,index8_to_rgb565,24,20113816,21422757,34353331,37865014,266732,23360,16,0,200,210,11,100,cpu,True
before-isolated,exploratory,before-isolated/sdl1-d8-r2,sdl1-d8,index8_to_xrgb8888,24,17420206,16983267,20184096,25854995,392614,1621,0,0,238,257,0,100,cpu,True
before-isolated,exploratory,before-isolated/sdl1-d8-r2,sdl1-d8,fill_rgb565,24,4884487,4686996,8693413,9015339,113457,0,0,0,61,70,0,100,cpu,True
before-isolated,exploratory,before-isolated/sdl1-d8-r2,sdl1-d8,blit_to_screen,24,42872480,43017630,48652303,51153673,951175,17509,0,0,575,615,2,100,cpu_no_present,True
before-isolated,exploratory,before-isolated/sdl1-d8-r2,sdl1-d8,alpha32_sprite,24,649292,623812,1122771,1262068,14827,1749,0,0,10,10,0,100,cpu,True
before-isolated,exploratory,before-isolated/sdl1-d8-r2,sdl1-d8,colorkey_sprite,24,2009936,1867756,3800205,5361021,32481,10894,0,0,26,30,1,100,cpu,True
before-isolated,exploratory,before-isolated/sdl1-d8-r2,sdl1-d8,present_full,24,41528386,30171733,58878208,76818830,294576,137597,0,0,499,206,52,100,submit_and_pump_not_scanout,True
before-isolated,exploratory,before-isolated/sdl1-d8-r2,sdl1-d8,present_dirty32,24,22542525,20196583,32695294,37553946,156147,121551,0,0,262,149,25,100,submit_and_pump_not_scanout,True
before-isolated,exploratory,before-isolated/sdl1-d8-r2,sdl1-d8,flip_full,24,41669216,31829139,59648926,59846989,286038,148937,0,0,517,214,53,100,submit_and_pump_not_scanout,True
before-isolated,exploratory,before-isolated/sdl1-d8-r2,sdl1-d8,application_expand,24,6757692,5687528,10125424,11030485,146748,189,0,0,91,102,2,100,application_cpu,True
before-isolated,exploratory,before-isolated/sdl1-d8-r2,sdl1-d8,tyrian_frame,24,62411618,70055017,79956689,80892068,549119,247277,0,0,729,505,65,100,synthetic_cpu_application_expand_flip_pump_not_scanout,True
before-isolated,exploratory,before-isolated/sdl1-d8-r2,sdl1-d8,buffer_copy,24,6312842,4954399,11707768,11889784,133446,0,0,0,81,88,1,100,cpu,True
before-isolated,exploratory,before-isolated/sdl1-d8-r2,sdl1-d8,sprite_cpu,24,8622572,7803029,12175727,16136764,194706,0,0,0,118,125,1,100,synthetic_cpu,True
before-isolated,exploratory,before-isolated/sdl1-d8-r2,sdl1-d8,sprite_frame,24,64095654,69923466,79762394,79776643,554415,247273,0,0,755,512,70,100,synthetic_cpu_convert_flip_pump_not_scanout,True
before-isolated,exploratory,before-isolated/sdl1-d8-r2,sdl1-d8,indexed_frame,24,58833108,65916278,75304180,75924042,444029,260173,0,0,700,436,66,100,convert_submit_pump_not_scanout,True
before-isolated,exploratory,before-isolated/sdl1-d8-r2,sdl1-d8,palette_only,24,16100035,16175136,18935147,19448000,90189,144089,0,0,196,143,14,100,submit_and_pump_not_scanout,True
after-futex,exploratory,after-futex/sdl1-d8-r1,sdl1-d8,timer_overhead,24,10272,2478,3869,109516,652,994,0,0,1,1,0,100,cpu,True
after-futex,exploratory,after-futex/sdl1-d8-r1,sdl1-d8,event_pump,24,1296066,292759,3737378,4748616,16370,11992,0,0,15,18,0,100,api_return,True
after-futex,exploratory,after-futex/sdl1-d8-r1,sdl1-d8,index8_to_rgb565,24,10483004,9762868,14194459,19673132,235833,0,0,0,141,149,1,100,cpu,True
after-futex,exploratory,after-futex/sdl1-d8-r1,sdl1-d8,index8_to_xrgb8888,24,16630422,14591485,31507462,35200141,346512,0,0,0,212,226,4,100,cpu,True
after-futex,exploratory,after-futex/sdl1-d8-r1,sdl1-d8,fill_rgb565,24,16253943,15045578,32955000,33907113,173468,0,0,0,149,134,11,100,cpu,True
after-futex,exploratory,after-futex/sdl1-d8-r1,sdl1-d8,blit_to_screen,24,45181411,39017944,98063472,120616459,900018,0,0,0,532,598,3,100,cpu_no_present,True
after-futex,exploratory,after-futex/sdl1-d8-r1,sdl1-d8,alpha32_sprite,24,464250,153750,1133347,1853482,11345,0,0,0,5,5,0,100,cpu,True
after-futex,exploratory,after-futex/sdl1-d8-r1,sdl1-d8,colorkey_sprite,24,4086667,2710828,9889282,12943331,52325,4328,0,0,46,43,1,100,cpu,True
after-futex,exploratory,after-futex/sdl1-d8-r1,sdl1-d8,present_full,24,62555227,52984288,122988728,125278166,286965,196222,0,0,639,211,60,100,submit_and_pump_not_scanout,True
after-futex,exploratory,after-futex/sdl1-d8-r1,sdl1-d8,present_dirty32,24,33500765,27006432,64155350,73741118,125177,169826,0,0,347,143,32,100,submit_and_pump_not_scanout,True
after-futex,exploratory,after-futex/sdl1-d8-r1,sdl1-d8,flip_full,24,60909592,56960337,122030591,128830435,300048,170400,0,0,650,203,60,100,submit_and_pump_not_scanout,True
after-futex,exploratory,after-futex/sdl1-d8-r1,sdl1-d8,application_expand,24,21444239,8282441,25715025,272084934,256113,25384,0,0,114,259,5,100,application_cpu,True
after-futex,exploratory,after-futex/sdl1-d8-r1,sdl1-d8,tyrian_frame,24,115457929,121162444,171088891,181096128,736624,223450,3,0,1097,550,92,100,synthetic_cpu_application_expand_flip_pump_not_scanout,True
after-futex,exploratory,after-futex/sdl1-d8-r1,sdl1-d8,buffer_copy,24,10877574,9895528,24675743,27172746,141861,10713,0,0,104,105,2,100,cpu,True
after-futex,exploratory,after-futex/sdl1-d8-r1,sdl1-d8,sprite_cpu,24,19523435,19105357,26674294,27792435,186079,73098,0,0,184,190,2,100,synthetic_cpu,True
after-futex,exploratory,after-futex/sdl1-d8-r1,sdl1-d8,sprite_frame,24,137486208,112876719,333752187,739465956,759588,309224,0,0,1273,550,124,100,synthetic_cpu_convert_flip_pump_not_scanout,True
after-futex,exploratory,after-futex/sdl1-d8-r1,sdl1-d8,indexed_frame,24,114422629,122018213,161900409,168849681,618206,262111,0,0,1092,481,88,100,convert_submit_pump_not_scanout,True
after-futex,exploratory,after-futex/sdl1-d8-r1,sdl1-d8,palette_only,24,39036854,25785055,41920885,344983909,117245,168510,0,0,351,126,23,100,submit_and_pump_not_scanout,True
after-futex,exploratory,after-futex/sdl1-d16-r1,sdl1-d16,timer_overhead,24,10675,2387,4496,106116,2579,0,0,0,2,2,1,100,cpu,True
after-futex,exploratory,after-futex/sdl1-d16-r1,sdl1-d16,event_pump,24,1380575,1073686,2928010,2940126,7809,24414,0,0,15,17,0,100,api_return,True
after-futex,exploratory,after-futex/sdl1-d16-r1,sdl1-d16,index8_to_rgb565,24,9316176,9353161,14662307,16171208,205851,5723,0,0,120,127,1,100,cpu,True
after-futex,exploratory,after-futex/sdl1-d16-r1,sdl1-d16,index8_to_xrgb8888,24,16827379,15712944,22974779,54562395,345620,6412,0,0,204,215,2,100,cpu,True
after-futex,exploratory,after-futex/sdl1-d16-r1,sdl1-d16,fill_rgb565,24,14915571,14005651,19896054,20673345,154556,37255,0,0,162,164,11,100,cpu,True
after-futex,exploratory,after-futex/sdl1-d16-r1,sdl1-d16,blit_to_screen,24,13793284,11030119,38117847,38202273,226495,19079,0,0,149,150,1,100,cpu_no_present,True
after-futex,exploratory,after-futex/sdl1-d16-r1,sdl1-d16,alpha32_sprite,24,809389,744085,2000281,2551208,19244,0,0,0,10,12,0,100,cpu,True
after-futex,exploratory,after-futex/sdl1-d16-r1,sdl1-d16,colorkey_sprite,24,1880346,1358680,4551638,4936354,42253,258,0,0,24,27,0,100,cpu,True
after-futex,exploratory,after-futex/sdl1-d16-r1,sdl1-d16,present_full,24,64869308,58170687,118903313,121114961,350011,208851,0,0,722,259,73,100,submit_and_pump_not_scanout,True
after-futex,exploratory,after-futex/sdl1-d16-r1,sdl1-d16,present_dirty32,24,26727202,19203228,37118908,109943516,101885,176734,0,0,288,129,29,100,submit_and_pump_not_scanout,True
after-futex,exploratory,after-futex/sdl1-d16-r1,sdl1-d16,flip_full,24,65101060,56761431,137802661,150646361,404387,149904,0,0,718,271,73,100,submit_and_pump_not_scanout,True
after-futex,exploratory,after-futex/sdl1-d16-r1,sdl1-d16,application_expand,24,12854108,10728830,25390390,25657312,240464,16622,0,0,158,168,1,100,application_cpu,True
after-futex,exploratory,after-futex/sdl1-d16-r1,sdl1-d16,tyrian_frame,24,104462680,90118811,184241297,189030597,821313,192130,0,0,1131,584,102,100,synthetic_cpu_application_expand_flip_pump_not_scanout,True
after-futex,exploratory,after-futex/sdl1-d16-r1,sdl1-d16,buffer_copy,24,9472465,7190233,22800878,24766065,140539,0,0,0,100,99,2,100,cpu,True
after-futex,exploratory,after-futex/sdl1-d16-r1,sdl1-d16,sprite_cpu,24,7915350,7725278,12299442,13850189,179157,0,0,0,101,107,1,100,synthetic_cpu,True
after-futex,exploratory,after-futex/sdl1-d16-r1,sdl1-d16,sprite_frame,24,103949144,91866851,175263191,180721268,850711,167866,0,0,1146,599,102,100,synthetic_cpu_convert_flip_pump_not_scanout,True
after-futex,exploratory,after-futex/sdl1-d16-r1,sdl1-d16,indexed_frame,24,90893698,81036996,172432376,172958899,575642,272750,0,0,965,457,88,100,convert_submit_pump_not_scanout,True
after-futex,exploratory,after-futex/sdl1-d32-r1,sdl1-d32,timer_overhead,24,31883,2475,4513,620211,363,689,0,0,0,0,0,100,cpu,True
after-futex,exploratory,after-futex/sdl1-d32-r1,sdl1-d32,event_pump,24,1707114,1642269,3007542,3995137,9405,29717,0,0,20,27,0,100,api_return,True
after-futex,exploratory,after-futex/sdl1-d32-r1,sdl1-d32,index8_to_rgb565,24,9768518,9503626,14012438,18582677,225220,0,0,0,132,152,1,100,cpu,True
after-futex,exploratory,after-futex/sdl1-d32-r1,sdl1-d32,index8_to_xrgb8888,24,22534061,18989801,46794667,47817195,400944,12455,0,0,276,304,11,100,cpu,True
after-futex,exploratory,after-futex/sdl1-d32-r1,sdl1-d32,fill_rgb565,24,5934353,5318857,9287806,11960660,126726,9097,0,0,83,89,2,100,cpu,True
after-futex,exploratory,after-futex/sdl1-d32-r1,sdl1-d32,blit_to_screen,24,72670861,70925325,82777920,93458961,1625774,5606,0,0,1006,1113,6,100,cpu_no_present,True
after-futex,exploratory,after-futex/sdl1-d32-r1,sdl1-d32,alpha32_sprite,24,647820,402289,967924,1751192,7567,9487,0,0,11,11,0,100,cpu,True
after-futex,exploratory,after-futex/sdl1-d32-r1,sdl1-d32,colorkey_sprite,24,2785796,1688046,5196742,19603292,40694,10150,0,0,29,36,1,100,cpu,True
after-futex,exploratory,after-futex/sdl1-d32-r1,sdl1-d32,present_full,24,78862359,74703110,99299255,104019284,947813,174833,0,0,943,761,73,100,submit_and_pump_not_scanout,True
after-futex,exploratory,after-futex/sdl1-d32-r1,sdl1-d32,present_dirty32,24,25456971,23365460,39928007,40051534,175074,124412,0,0,301,144,29,100,submit_and_pump_not_scanout,True
after-futex,exploratory,after-futex/sdl1-d32-r1,sdl1-d32,flip_full,24,83022381,76928695,104767979,105917596,932479,254499,0,0,1014,883,76,100,submit_and_pump_not_scanout,True
after-futex,exploratory,after-futex/sdl1-d32-r1,sdl1-d32,application_expand,24,14553730,14862285,22297444,23163147,300709,28979,0,0,192,210,1,100,application_cpu,True
after-futex,exploratory,after-futex/sdl1-d32-r1,sdl1-d32,tyrian_frame,24,120530219,112929876,168182989,211526173,1401949,181694,0,0,1361,1160,114,100,synthetic_cpu_application_expand_flip_pump_not_scanout,True
after-futex,exploratory,after-futex/sdl1-d32-r1,sdl1-d32,buffer_copy,24,5860187,4996834,8077685,10700890,128161,0,0,0,79,86,1,100,cpu,True
after-futex,exploratory,after-futex/sdl1-d32-r1,sdl1-d32,sprite_cpu,24,8581891,7751748,12391115,12779462,174172,20705,0,0,119,127,1,100,synthetic_cpu,True
after-futex,exploratory,after-futex/sdl1-d32-r1,sdl1-d32,sprite_frame,24,107504779,107104917,129782920,136427219,1177780,289295,0,0,1232,1038,105,100,synthetic_cpu_convert_flip_pump_not_scanout,True
after-futex,exploratory,after-futex/sdl1-d32-r1,sdl1-d32,indexed_frame,24,105396611,105458445,121137882,121982100,1276129,163306,0,0,1211,1045,103,100,convert_submit_pump_not_scanout,True
after-futex,exploratory,after-futex/sdl2-render-r1,sdl2-render,timer_overhead,24,18941,2454,4509,316652,263,426,0,0,0,0,0,100,cpu,True
after-futex,exploratory,after-futex/sdl2-render-r1,sdl2-render,event_pump,24,366655,155589,990065,2068820,7571,0,0,0,0,1,0,100,api_return,True
after-futex,exploratory,after-futex/sdl2-render-r1,sdl2-render,index8_to_argb8888,24,5727230,5261895,8061751,8929202,130496,0,0,0,0,12,1,100,cpu,True
after-futex,exploratory,after-futex/sdl2-render-r1,sdl2-render,lock_texture_copy,24,6537431,6021809,8987849,9275770,147387,1370,0,0,0,12,0,100,cpu_upload,True
after-futex,exploratory,after-futex/sdl2-render-r1,sdl2-render,index8_lock_texture,24,9901325,7052794,26577827,26841601,180358,0,0,0,0,26,3,100,cpu_convert_upload,True
after-futex,exploratory,after-futex/sdl2-render-r1,sdl2-render,update_texture,24,7087010,6156465,10834780,14336854,151191,0,0,0,0,18,1,100,api_return,True
after-futex,exploratory,after-futex/sdl2-render-r1,sdl2-render,render_clear,24,1894733,1789433,2341543,2713259,45737,0,0,0,0,0,0,100,api_return,True
after-futex,exploratory,after-futex/sdl2-render-r1,sdl2-render,render_copy_native,24,7568238,7011182,9758397,10374479,173873,0,0,0,0,15,0,100,api_return,True
after-futex,exploratory,after-futex/sdl2-render-r1,sdl2-render,render_scale_nearest,24,7626591,7006348,9919678,10171092,174965,0,0,0,0,15,1,100,api_return,True
after-futex,exploratory,after-futex/sdl2-render-r1,sdl2-render,render_scale_linear,24,7448646,6996896,9838684,10413843,172011,0,0,0,0,12,0,100,api_return,True
after-futex,exploratory,after-futex/sdl2-render-r1,sdl2-render,render_alpha,24,54505367,54592044,58950773,60203340,1251386,0,0,0,0,101,3,100,api_return,True
after-futex,exploratory,after-futex/sdl2-render-r1,sdl2-render,render_color_mod,24,58241207,58662783,62348511,63116569,1322867,16906,0,0,0,108,2,100,api_return,True
after-futex,exploratory,after-futex/sdl2-render-r1,sdl2-render,render_present,24,24939762,25364074,29387664,30197975,283036,59974,0,0,35,91,24,100,clear_copy_submit_pump_not_scanout,True
after-futex,exploratory,after-futex/sdl2-render-r1,sdl2-render,indexed_frame,24,46078234,44955933,63052123,65768434,515344,39663,0,0,34,155,52,100,convert_clear_copy_submit_pump_not_scanout,True
after-futex,exploratory,after-futex/sdl2-render-r1,sdl2-render,target_two_pass,24,142785773,140675625,152924375,159734962,2116295,412421,1512,0,23,446,77,100,convert_nearest2x_linear_submit_pump_not_scanout,True
after-futex,exploratory,after-futex/sdl2-render-r1,sdl2-render,yuv420_frame,24,42719094,41583830,51859831,57738769,588967,81476,0,0,24,151,33,100,update_convert_submit_pump_not_scanout,True
after-futex,exploratory,after-futex/sdl2-surface-r1,sdl2-surface,timer_overhead,24,52286,2400,3954,16594,0,2270,0,0,0,4,0,100,cpu,True
after-futex,exploratory,after-futex/sdl2-surface-r1,sdl2-surface,event_pump,24,335283,161085,859990,1841079,1745,5439,0,0,0,1,1,100,api_return,True
after-futex,exploratory,after-futex/sdl2-surface-r1,sdl2-surface,index8_to_argb8888,24,5808694,5247874,7945825,8054135,119465,11497,0,0,0,13,1,100,cpu,True
after-futex,exploratory,after-futex/sdl2-surface-r1,sdl2-surface,surface_frame,24,27341613,22312796,43471419,45965583,193393,52640,0,0,44,64,38,100,convert_submit_pump_not_scanout,True
after-futex,exploratory,after-futex/sdl2-surface-r1,sdl2-surface,surface_dirty32,24,11375181,9181311,19786662,25979382,52326,51647,0,0,36,54,15,100,submit_and_pump_not_scanout,True
after-futex,exploratory,after-futex/sdl2-surface-r2,sdl2-surface,timer_overhead,24,5821,2507,2532,3813,167,417,0,0,0,0,0,100,cpu,True
after-futex,exploratory,after-futex/sdl2-surface-r2,sdl2-surface,event_pump,24,261195,151521,416458,1296691,6615,0,0,0,0,1,0,100,api_return,True
after-futex,exploratory,after-futex/sdl2-surface-r2,sdl2-surface,index8_to_argb8888,24,5868995,5315378,9127444,9771152,127660,2029,0,0,0,13,1,100,cpu,True
after-futex,exploratory,after-futex/sdl2-surface-r2,sdl2-surface,surface_frame,24,25280525,23173941,34008896,42198015,146693,78967,0,0,44,41,38,100,convert_submit_pump_not_scanout,True
after-futex,exploratory,after-futex/sdl2-surface-r2,sdl2-surface,surface_dirty32,24,11827623,9646044,22177933,23877774,38302,68848,0,0,35,54,17,100,submit_and_pump_not_scanout,True
after-futex,exploratory,after-futex/sdl2-render-r2,sdl2-render,timer_overhead,24,5621,2466,2485,4189,0,317,0,0,0,0,0,100,cpu,True
after-futex,exploratory,after-futex/sdl2-render-r2,sdl2-render,event_pump,24,393692,212687,929133,1614320,0,8541,0,0,0,1,0,100,api_return,True
after-futex,exploratory,after-futex/sdl2-render-r2,sdl2-render,index8_to_argb8888,24,5709318,5237986,8456592,8519117,123111,5736,0,0,0,11,0,100,cpu,True
after-futex,exploratory,after-futex/sdl2-render-r2,sdl2-render,lock_texture_copy,24,6629041,5962727,8956450,11282755,142955,5945,0,0,0,13,1,100,cpu_upload,True
after-futex,exploratory,after-futex/sdl2-render-r2,sdl2-render,index8_lock_texture,24,11769936,8584098,23735257,27677703,161614,18480,0,0,0,23,6,100,cpu_convert_upload,True
after-futex,exploratory,after-futex/sdl2-render-r2,sdl2-render,update_texture,24,6351444,5975210,8773380,8845652,144245,2313,0,0,0,11,0,100,api_return,True
after-futex,exploratory,after-futex/sdl2-render-r2,sdl2-render,render_clear,24,2190964,1790146,4213071,7292370,41223,6568,0,0,0,5,1,100,api_return,True
after-futex,exploratory,after-futex/sdl2-render-r2,sdl2-render,render_copy_native,24,7497845,7005080,9656626,12164805,167897,3467,0,0,0,11,0,100,api_return,True
after-futex,exploratory,after-futex/sdl2-render-r2,sdl2-render,render_scale_nearest,24,7419642,6919086,10050061,11688187,171485,638,0,0,0,14,0,100,api_return,True
after-futex,exploratory,after-futex/sdl2-render-r2,sdl2-render,render_scale_linear,24,7587222,6935947,9877750,16022865,172671,756,0,0,0,15,2,100,api_return,True
after-futex,exploratory,after-futex/sdl2-render-r2,sdl2-render,render_alpha,24,53719709,52873648,57232741,59131721,1218933,14397,0,0,0,94,3,100,api_return,True
after-futex,exploratory,after-futex/sdl2-render-r2,sdl2-render,render_color_mod,24,57761654,57755198,62811313,63775577,1322778,1286,0,0,0,101,3,100,api_return,True
after-futex,exploratory,after-futex/sdl2-render-r2,sdl2-render,render_present,24,24691141,24159664,28989387,29763421,256113,83619,0,0,32,89,24,100,clear_copy_submit_pump_not_scanout,True
after-futex,exploratory,after-futex/sdl2-render-r2,sdl2-render,indexed_frame,24,45526505,46039406,56176619,56541625,482088,61297,0,0,39,133,52,100,convert_clear_copy_submit_pump_not_scanout,True
after-futex,exploratory,after-futex/sdl2-render-r2,sdl2-render,target_two_pass,24,144870009,141007633,157186413,165633136,2117962,451450,1512,0,21,490,80,100,convert_nearest2x_linear_submit_pump_not_scanout,True
after-futex,exploratory,after-futex/sdl2-render-r2,sdl2-render,yuv420_frame,24,42471068,42188991,48753077,55947994,611150,49653,0,0,31,135,34,100,update_convert_submit_pump_not_scanout,True
after-futex,exploratory,after-futex/sdl1-d32-r2,sdl1-d32,timer_overhead,24,40336,2482,11320,500752,294,872,0,0,1,1,0,100,cpu,True
after-futex,exploratory,after-futex/sdl1-d32-r2,sdl1-d32,event_pump,24,1588561,1274547,2149515,4980158,19712,16088,0,0,20,22,1,100,api_return,True
after-futex,exploratory,after-futex/sdl1-d32-r2,sdl1-d32,index8_to_rgb565,24,19844185,19538492,32245912,41589038,288704,20037,0,0,219,252,11,100,cpu,True
after-futex,exploratory,after-futex/sdl1-d32-r2,sdl1-d32,index8_to_xrgb8888,24,16473711,15043646,21871226,23595095,377830,0,0,0,230,253,1,100,cpu,True
after-futex,exploratory,after-futex/sdl1-d32-r2,sdl1-d32,fill_rgb565,24,5875295,5181621,8333103,10296492,133735,0,0,0,81,89,0,100,cpu,True
after-futex,exploratory,after-futex/sdl1-d32-r2,sdl1-d32,blit_to_screen,24,69572662,70202789,77849000,82451178,1504570,76429,0,0,962,1053,6,100,cpu_no_present,True
after-futex,exploratory,after-futex/sdl1-d32-r2,sdl1-d32,alpha32_sprite,24,798132,725721,1430090,1756649,19881,0,0,0,12,12,0,100,cpu,True
after-futex,exploratory,after-futex/sdl1-d32-r2,sdl1-d32,colorkey_sprite,24,2045083,1710408,3680409,5982608,43799,1145,0,0,25,29,0,100,cpu,True
after-futex,exploratory,after-futex/sdl1-d32-r2,sdl1-d32,present_full,24,78062744,74628627,97948049,100726576,835132,255660,0,0,961,736,74,100,submit_and_pump_not_scanout,True
after-futex,exploratory,after-futex/sdl1-d32-r2,sdl1-d32,present_dirty32,24,24212934,19547785,41113903,44151925,173604,107441,0,0,295,152,30,100,submit_and_pump_not_scanout,True
after-futex,exploratory,after-futex/sdl1-d32-r2,sdl1-d32,flip_full,24,82029909,76260492,104692892,105397522,921550,213934,0,0,1023,805,79,100,submit_and_pump_not_scanout,True
after-futex,exploratory,after-futex/sdl1-d32-r2,sdl1-d32,application_expand,24,15585838,14773094,20054668,21733415,351281,1744,0,0,212,238,1,100,application_cpu,True
after-futex,exploratory,after-futex/sdl1-d32-r2,sdl1-d32,tyrian_frame,24,113161525,110010395,126585192,196106935,1203401,325894,0,0,1303,1117,109,100,synthetic_cpu_application_expand_flip_pump_not_scanout,True
after-futex,exploratory,after-futex/sdl1-d32-r2,sdl1-d32,buffer_copy,24,5415905,4543234,9360562,11611217,94522,17886,0,0,70,68,1,100,cpu,True
after-futex,exploratory,after-futex/sdl1-d32-r2,sdl1-d32,sprite_cpu,24,8375647,7231768,15592503,16378561,177364,10631,0,0,116,129,1,100,synthetic_cpu,True
after-futex,exploratory,after-futex/sdl1-d32-r2,sdl1-d32,sprite_frame,24,107460148,109033884,123569154,126381500,1322430,148806,0,0,1269,1054,104,100,synthetic_cpu_convert_flip_pump_not_scanout,True
after-futex,exploratory,after-futex/sdl1-d32-r2,sdl1-d32,indexed_frame,24,100822332,104050295,117069739,118160982,1100302,248596,0,0,1162,953,101,100,convert_submit_pump_not_scanout,True
after-futex,exploratory,after-futex/sdl1-d16-r2,sdl1-d16,timer_overhead,24,64278,2410,56625,178867,478,1227,0,0,1,1,0,100,cpu,True
after-futex,exploratory,after-futex/sdl1-d16-r2,sdl1-d16,event_pump,24,1654835,1307094,2853273,4828366,3745,33165,0,0,22,25,1,100,api_return,True
after-futex,exploratory,after-futex/sdl1-d16-r2,sdl1-d16,index8_to_rgb565,24,18311239,16645349,30199721,32239635,285599,5188,0,0,214,237,9,100,cpu,True
after-futex,exploratory,after-futex/sdl1-d16-r2,sdl1-d16,index8_to_xrgb8888,24,16866007,15936872,20388552,20647293,382753,0,0,0,236,256,1,100,cpu,True
after-futex,exploratory,after-futex/sdl1-d16-r2,sdl1-d16,fill_rgb565,24,5930692,5111537,9101406,9135313,132676,0,0,0,82,92,1,100,cpu,True
after-futex,exploratory,after-futex/sdl1-d16-r2,sdl1-d16,blit_to_screen,24,11286216,11022079,14951654,15813499,250244,4473,0,0,151,163,1,100,cpu_no_present,True
after-futex,exploratory,after-futex/sdl1-d16-r2,sdl1-d16,alpha32_sprite,24,868242,713746,1528657,2966362,19716,366,0,0,11,14,0,100,cpu,True
after-futex,exploratory,after-futex/sdl1-d16-r2,sdl1-d16,colorkey_sprite,24,1426743,1250295,2540053,3159118,33581,1372,0,0,20,20,0,100,cpu,True
after-futex,exploratory,after-futex/sdl1-d16-r2,sdl1-d16,present_full,24,47083156,37282234,72798088,74050682,303583,180455,0,0,597,234,61,100,submit_and_pump_not_scanout,True
after-futex,exploratory,after-futex/sdl1-d16-r2,sdl1-d16,present_dirty32,24,23383832,18579570,42093629,45707115,132443,136566,0,0,278,133,27,100,submit_and_pump_not_scanout,True
after-futex,exploratory,after-futex/sdl1-d16-r2,sdl1-d16,flip_full,24,50048607,39243542,70028601,71232916,343736,180207,0,0,633,266,65,100,submit_and_pump_not_scanout,True
after-futex,exploratory,after-futex/sdl1-d16-r2,sdl1-d16,application_expand,24,11540970,10489902,16088490,17432597,259488,0,0,0,156,174,1,100,application_cpu,True
after-futex,exploratory,after-futex/sdl1-d16-r2,sdl1-d16,tyrian_frame,24,72799306,76528141,92600163,95188883,627114,244409,0,0,885,528,83,100,synthetic_cpu_application_expand_flip_pump_not_scanout,True
after-futex,exploratory,after-futex/sdl1-d16-r2,sdl1-d16,buffer_copy,24,5489283,4899638,7936674,8339306,114895,9324,0,0,76,83,2,100,cpu,True
after-futex,exploratory,after-futex/sdl1-d16-r2,sdl1-d16,sprite_cpu,24,7629378,7396346,10506896,10956161,168549,4514,0,0,98,112,0,100,synthetic_cpu,True
after-futex,exploratory,after-futex/sdl1-d16-r2,sdl1-d16,sprite_frame,24,75920778,82917950,87417027,88103617,748130,166113,0,0,945,580,86,100,synthetic_cpu_convert_flip_pump_not_scanout,True
after-futex,exploratory,after-futex/sdl1-d16-r2,sdl1-d16,indexed_frame,24,68704322,72993098,84979908,85181968,616176,171552,0,0,848,499,81,100,convert_submit_pump_not_scanout,True
after-futex,exploratory,after-futex/sdl1-d8-r2,sdl1-d8,timer_overhead,24,37879,2494,3460,765561,450,753,0,0,1,1,0,100,cpu,True
after-futex,exploratory,after-futex/sdl1-d8-r2,sdl1-d8,event_pump,24,1558646,1201188,4193848,4358764,11623,23048,0,0,20,23,0,100,api_return,True
after-futex,exploratory,after-futex/sdl1-d8-r2,sdl1-d8,index8_to_rgb565,24,14694473,9939563,30777381,31438076,254712,6413,0,0,175,189,4,100,cpu,True
after-futex,exploratory,after-futex/sdl1-d8-r2,sdl1-d8,index8_to_xrgb8888,24,17587614,17319932,21537938,21916520,394372,0,0,0,239,263,3,100,cpu,True
after-futex,exploratory,after-futex/sdl1-d8-r2,sdl1-d8,fill_rgb565,24,5994289,5167717,10615043,12368971,132901,0,0,0,80,90,0,100,cpu,True
after-futex,exploratory,after-futex/sdl1-d8-r2,sdl1-d8,blit_to_screen,24,37774841,37089650,48507568,48596874,854138,0,0,0,497,561,3,100,cpu_no_present,True
after-futex,exploratory,after-futex/sdl1-d8-r2,sdl1-d8,alpha32_sprite,24,1005501,802139,1963193,2248669,4502,18856,0,0,14,16,0,100,cpu,True
after-futex,exploratory,after-futex/sdl1-d8-r2,sdl1-d8,colorkey_sprite,24,2174124,1793006,4057762,6014239,44800,1052,0,0,27,33,0,100,cpu,True
after-futex,exploratory,after-futex/sdl1-d8-r2,sdl1-d8,present_full,24,40179319,30024644,60849587,72564303,252550,166740,0,0,493,212,50,100,submit_and_pump_not_scanout,True
after-futex,exploratory,after-futex/sdl1-d8-r2,sdl1-d8,present_dirty32,24,22717532,18271022,34570492,43963072,129446,138849,7,0,258,140,24,100,submit_and_pump_not_scanout,True
after-futex,exploratory,after-futex/sdl1-d8-r2,sdl1-d8,flip_full,24,41296910,49129956,57450329,59017263,244359,196325,0,0,513,215,52,100,submit_and_pump_not_scanout,True
after-futex,exploratory,after-futex/sdl1-d8-r2,sdl1-d8,application_expand,24,6172550,5217890,12085046,13765505,131804,7781,0,0,88,94,1,100,application_cpu,True
after-futex,exploratory,after-futex/sdl1-d8-r2,sdl1-d8,tyrian_frame,24,55258517,56315364,71932644,77395085,473399,210869,0,0,653,418,60,100,synthetic_cpu_application_expand_flip_pump_not_scanout,True
after-futex,exploratory,after-futex/sdl1-d8-r2,sdl1-d8,buffer_copy,24,5815445,4919308,12254043,12884812,124917,3517,0,0,81,90,2,100,cpu,True
after-futex,exploratory,after-futex/sdl1-d8-r2,sdl1-d8,sprite_cpu,24,7678175,7229694,12808146,13066681,169701,4702,0,0,100,111,1,100,synthetic_cpu,True
after-futex,exploratory,after-futex/sdl1-d8-r2,sdl1-d8,sprite_frame,24,56729637,57958384,74944661,80897563,541492,176336,0,0,676,486,61,100,synthetic_cpu_convert_flip_pump_not_scanout,True
after-futex,exploratory,after-futex/sdl1-d8-r2,sdl1-d8,indexed_frame,24,55238609,62454722,70887821,71437870,460753,206932,0,0,671,431,61,100,convert_submit_pump_not_scanout,True
after-futex,exploratory,after-futex/sdl1-d8-r2,sdl1-d8,palette_only,24,14722048,13672138,19836323,20209481,80021,131463,0,0,187,128,13,100,submit_and_pump_not_scanout,True
extended,exploratory,extended/sdl1-fullscreen-r1,sdl1-fullscreen,idle_wait,12,20552928,20561576,20807719,20807719,1718,3940,0,0,12,0,0,100,sleep_20ms,True
extended,exploratory,extended/sdl1-fullscreen-r1,sdl1-fullscreen,timer_overhead,12,6077,2438,4575,4575,216,0,0,0,0,0,0,100,cpu,True
extended,exploratory,extended/sdl1-fullscreen-r1,sdl1-fullscreen,event_pump,12,158703,79540,380080,380080,775,1681,0,0,0,0,0,100,api_return,True
extended,exploratory,extended/sdl1-fullscreen-r1,sdl1-fullscreen,index8_to_rgb565,12,3780558,3144218,6739146,6739146,43103,0,0,0,0,5,0,100,cpu,True
extended,exploratory,extended/sdl1-fullscreen-r1,sdl1-fullscreen,index8_to_xrgb8888,12,5404583,5096733,8129004,8129004,62489,1721,0,0,0,4,0,100,cpu,True
extended,exploratory,extended/sdl1-fullscreen-r1,sdl1-fullscreen,fill_rgb565,12,1812203,1735755,2374457,2374457,21957,0,0,0,0,0,0,100,cpu,True
extended,exploratory,extended/sdl1-fullscreen-r1,sdl1-fullscreen,blit_to_screen,12,19277872,14725996,44276824,44276824,141741,0,0,0,0,14,5,100,cpu_no_present,True
extended,exploratory,extended/sdl1-fullscreen-r1,sdl1-fullscreen,alpha32_sprite,12,449468,122158,3441389,3441389,4805,0,0,0,0,4,0,100,cpu,True
extended,exploratory,extended/sdl1-fullscreen-r1,sdl1-fullscreen,colorkey_sprite,12,280963,207792,516944,516944,2232,1600,0,0,0,0,0,100,cpu,True
extended,exploratory,extended/sdl1-fullscreen-r1,sdl1-fullscreen,present_full,12,26789942,25955060,32265818,32265818,61345,5841,0,0,22,31,18,100,submit_and_pump_not_scanout,True
extended,exploratory,extended/sdl1-fullscreen-r1,sdl1-fullscreen,present_dirty32,12,13068344,12040964,18926181,18926181,18175,34627,0,0,18,30,10,100,submit_and_pump_not_scanout,True
extended,exploratory,extended/sdl1-fullscreen-r1,sdl1-fullscreen,flip_full,12,27415248,26372521,39903625,39903625,42583,20033,0,0,20,25,19,100,submit_and_pump_not_scanout,True
extended,exploratory,extended/sdl1-fullscreen-r1,sdl1-fullscreen,doom_frame,12,27397789,26804561,30349013,30349013,56419,20575,0,0,21,31,18,100,direct_surface_write_flip_pump_not_scanout,True
extended,exploratory,extended/sdl1-fullscreen-r1,sdl1-fullscreen,application_expand,12,2090256,1745899,3440842,3440842,23532,0,0,0,0,2,1,100,application_cpu,True
extended,exploratory,extended/sdl1-fullscreen-r1,sdl1-fullscreen,tyrian_frame,12,28858376,28009270,34962502,34962502,91637,16450,0,0,19,28,16,100,synthetic_cpu_application_expand_flip_pump_not_scanout,True
extended,exploratory,extended/sdl1-fullscreen-r1,sdl1-fullscreen,buffer_copy,12,2229079,1530218,8296863,8296863,21353,0,0,0,0,5,0,100,cpu,True
extended,exploratory,extended/sdl1-fullscreen-r1,sdl1-fullscreen,sprite_cpu,12,2667957,2308893,5106502,5106502,30473,0,0,0,0,1,1,100,synthetic_cpu,True
extended,exploratory,extended/sdl1-fullscreen-r1,sdl1-fullscreen,sprite_frame,12,29994515,30055245,32119591,32119591,88864,21234,0,0,22,29,17,100,synthetic_cpu_convert_flip_pump_not_scanout,True
extended,exploratory,extended/sdl1-fullscreen-r1,sdl1-fullscreen,indexed_frame,12,28894812,28320980,33796385,33796385,82244,17387,0,0,19,33,17,100,convert_submit_pump_not_scanout,True
extended,exploratory,extended/sdl1-fullscreen-r1,sdl1-fullscreen,palette_only,12,9778623,8739177,18868522,18868522,19021,34015,0,0,14,31,6,100,submit_and_pump_not_scanout,True
extended,exploratory,extended/sdl2-fullscreen-r1,sdl2-fullscreen,idle_wait,12,20648171,20412402,21949210,21949210,0,6765,0,0,12,2,2,100,sleep_20ms,True
extended,exploratory,extended/sdl2-fullscreen-r1,sdl2-fullscreen,timer_overhead,12,6053,2434,3328,3328,0,221,0,0,0,0,0,100,cpu,True
extended,exploratory,extended/sdl2-fullscreen-r1,sdl2-fullscreen,event_pump,12,244340,146665,742554,742554,1099,1995,0,0,0,0,0,100,api_return,True
extended,exploratory,extended/sdl2-fullscreen-r1,sdl2-fullscreen,index8_to_argb8888,12,6398575,5393787,10184345,10184345,67942,0,0,0,0,8,0,100,cpu,True
extended,exploratory,extended/sdl2-fullscreen-r1,sdl2-fullscreen,lock_texture_copy,12,13959334,10027236,35769551,35769551,89775,0,0,0,0,25,5,100,cpu_upload,True
extended,exploratory,extended/sdl2-fullscreen-r1,sdl2-fullscreen,index8_lock_texture,12,7299263,6897657,10062530,10062530,81387,4211,0,0,0,5,0,100,cpu_convert_upload,True
extended,exploratory,extended/sdl2-fullscreen-r1,sdl2-fullscreen,update_texture,12,6964069,6434581,10182289,10182289,78885,1764,0,0,0,6,1,100,api_return,True
extended,exploratory,extended/sdl2-fullscreen-r1,sdl2-fullscreen,render_clear,12,1877415,1801525,2462023,2462023,21269,1491,0,0,0,0,0,100,api_return,True
extended,exploratory,extended/sdl2-fullscreen-r1,sdl2-fullscreen,render_copy_native,12,7443555,7096758,10268854,10268854,86907,0,0,0,0,5,0,100,api_return,True
extended,exploratory,extended/sdl2-fullscreen-r1,sdl2-fullscreen,render_scale_nearest,12,7729578,7020294,12108218,12108218,81471,7058,0,0,0,7,0,100,api_return,True
extended,exploratory,extended/sdl2-fullscreen-r1,sdl2-fullscreen,render_scale_linear,12,7400207,7053999,10062883,10062883,86354,131,0,0,0,5,0,100,api_return,True
extended,exploratory,extended/sdl2-fullscreen-r1,sdl2-fullscreen,render_alpha,12,54110951,52748257,60129490,60129490,621641,0,0,0,0,51,0,100,api_return,True
extended,exploratory,extended/sdl2-fullscreen-r1,sdl2-fullscreen,render_color_mod,12,57365351,56238657,60723179,60723179,661242,1128,0,0,0,50,1,100,api_return,True
extended,exploratory,extended/sdl2-fullscreen-r1,sdl2-fullscreen,render_present,12,24647704,24765301,27154692,27154692,157966,16338,0,0,18,51,12,100,clear_copy_submit_pump_not_scanout,True
extended,exploratory,extended/sdl2-fullscreen-r1,sdl2-fullscreen,indexed_frame,12,47240802,48845237,50057405,50057405,219279,39919,0,0,20,54,22,100,convert_clear_copy_submit_pump_not_scanout,True
extended,exploratory,extended/sdl2-fullscreen-r1,sdl2-fullscreen,target_two_pass,12,144880385,142059610,182344836,182344836,1060604,189183,878,0,17,192,34,100,convert_nearest2x_linear_submit_pump_not_scanout,True
extended,exploratory,extended/sdl2-fullscreen-r1,sdl2-fullscreen,yuv420_frame,12,40569671,39571131,49242835,49242835,293909,37891,0,0,16,69,15,100,update_convert_submit_pump_not_scanout,True
extended,exploratory,extended/sdl2-scale640-r1,sdl2-scale640,idle_wait,12,20761815,20566446,21525345,21525345,0,6918,0,0,12,2,0,100,sleep_20ms,False
extended,exploratory,extended/sdl2-scale640-r1,sdl2-scale640,timer_overhead,12,6011,2422,3347,3347,0,609,0,0,0,0,0,100,cpu,False
extended,exploratory,extended/sdl2-scale640-r1,sdl2-scale640,event_pump,12,480082,199422,2216976,2216976,196,4225,0,0,0,2,1,100,api_return,False
extended,exploratory,extended/sdl2-scale640-r1,sdl2-scale640,index8_to_argb8888,12,5866552,5376131,11046463,11046463,66222,0,0,0,0,6,1,100,cpu,False
extended,exploratory,extended/sdl2-scale640-r1,sdl2-scale640,lock_texture_copy,12,15534262,8785270,34660785,34660785,91266,0,0,0,0,32,5,100,cpu_upload,False
extended,exploratory,extended/sdl2-scale640-r1,sdl2-scale640,index8_lock_texture,12,7539682,7064502,12727371,12727371,85176,745,0,0,0,6,0,100,cpu_convert_upload,False
extended,exploratory,extended/sdl2-scale640-r1,sdl2-scale640,update_texture,12,6234160,6025967,8924362,8924362,70325,4078,0,0,0,4,0,100,api_return,False
extended,exploratory,extended/sdl2-scale640-r1,sdl2-scale640,render_clear,12,7853109,7108618,10214384,10214384,87006,2156,0,0,0,7,0,100,api_return,False
extended,exploratory,extended/sdl2-scale640-r1,sdl2-scale640,render_copy_native,12,7687705,7050995,13618690,13618690,86146,1270,0,0,0,6,1,100,api_return,False
extended,exploratory,extended/sdl2-scale640-r1,sdl2-scale640,render_scale_nearest,12,116438454,116196481,121389897,121389897,1331396,5132,0,0,0,104,3,100,api_return,False
extended,exploratory,extended/sdl2-scale640-r1,sdl2-scale640,render_scale_linear,12,194442941,187532966,257246059,257246059,1627767,526465,3012,0,0,192,9,100,api_return,False
extended,exploratory,extended/sdl2-scale640-r1,sdl2-scale640,render_alpha,12,206967386,206867541,208881758,208881758,2366423,3697,0,0,0,196,6,100,api_return,False
extended,exploratory,extended/sdl2-scale640-r1,sdl2-scale640,render_color_mod,12,220951635,220856202,225767490,225767490,2534154,6545,0,0,0,199,5,100,api_return,False
extended,exploratory,extended/sdl2-scale640-r1,sdl2-scale640,render_present,12,161402021,161292337,167014171,167014171,1510598,12010,0,0,17,214,38,100,clear_copy_submit_pump_not_scanout,False
extended,exploratory,extended/sdl2-scale640-r1,sdl2-scale640,indexed_frame,12,212240318,210014914,235158649,235158649,1604212,84540,0,0,16,345,79,100,convert_clear_copy_submit_pump_not_scanout,False
extended,exploratory,extended/sdl2-scale640-r1,sdl2-scale640,target_two_pass,12,155764848,150674632,181107541,181107541,955369,81693,0,0,17,337,78,100,convert_nearest2x_linear_submit_pump_not_scanout,False
extended,exploratory,extended/sdl2-scale640-r1,sdl2-scale640,yuv420_frame,12,173500623,172723791,181333531,181333531,1571349,41078,0,0,18,227,43,100,update_convert_submit_pump_not_scanout,False
extended,exploratory,extended/sdl1-audio-r1,sdl1-audio,idle_wait,12,20832329,20598502,21300433,21300433,29276,38875,0,0,23,14,1,100,sleep_20ms,True
extended,exploratory,extended/sdl1-audio-r1,sdl1-audio,timer_overhead,12,7337,2531,4306,4306,0,4172,0,0,0,2,0,100,cpu,True
extended,exploratory,extended/sdl1-audio-r1,sdl1-audio,event_pump,12,161238,77510,372335,372335,233,7679,0,0,1,1,0,100,api_return,True
extended,exploratory,extended/sdl1-audio-r1,sdl1-audio,index8_to_rgb565,12,12709561,6368281,30798832,30798832,103214,3544,0,0,14,58,3,100,cpu,True
extended,exploratory,extended/sdl1-audio-r1,sdl1-audio,index8_to_xrgb8888,12,12062785,8117936,23764958,23764958,122452,5225,0,0,26,51,2,100,cpu,True
extended,exploratory,extended/sdl1-audio-r1,sdl1-audio,fill_rgb565,12,5539781,1973623,16353582,16353582,38592,28790,0,0,12,49,0,100,cpu,True
extended,exploratory,extended/sdl1-audio-r1,sdl1-audio,blit_to_screen,12,23533233,18670279,48128846,48128846,238473,24549,0,0,45,97,1,100,cpu_no_present,True
extended,exploratory,extended/sdl1-audio-r1,sdl1-audio,alpha32_sprite,12,832285,193155,1935432,1935432,0,12482,0,0,0,12,0,100,cpu,True
extended,exploratory,extended/sdl1-audio-r1,sdl1-audio,colorkey_sprite,12,267766,204142,618660,618660,1953,1450,0,0,0,0,0,100,cpu,True
extended,exploratory,extended/sdl1-audio-r1,sdl1-audio,present_full,12,36476618,35183861,64095332,64095332,109903,130838,0,0,81,159,19,100,submit_and_pump_not_scanout,True
extended,exploratory,extended/sdl1-audio-r1,sdl1-audio,present_dirty32,12,21020430,14330128,46938802,46938802,55058,82668,0,0,56,71,12,100,submit_and_pump_not_scanout,True
extended,exploratory,extended/sdl1-audio-r1,sdl1-audio,flip_full,12,38819858,29523895,78685805,78685805,124160,133903,0,0,80,167,19,100,submit_and_pump_not_scanout,True
extended,exploratory,extended/sdl1-audio-r1,sdl1-audio,doom_frame,12,42164911,35376954,63935571,63935571,173861,122855,0,0,93,186,21,100,direct_surface_write_flip_pump_not_scanout,True
extended,exploratory,extended/sdl1-audio-r1,sdl1-audio,application_expand,12,4884862,2094985,20473626,20473626,35372,15994,0,0,12,21,1,100,application_cpu,True
extended,exploratory,extended/sdl1-audio-r1,sdl1-audio,tyrian_frame,12,50077172,51312859,75209774,75209774,209320,155817,0,0,103,238,23,100,synthetic_cpu_application_expand_flip_pump_not_scanout,True
extended,exploratory,extended/sdl1-audio-r1,sdl1-audio,buffer_copy,12,3087391,1864085,6977442,6977442,30006,0,0,0,1,9,1,100,cpu,True
extended,exploratory,extended/sdl1-audio-r1,sdl1-audio,sprite_cpu,12,5143569,2532047,14151864,14151864,58543,0,0,0,1,28,0,100,synthetic_cpu,True
extended,exploratory,extended/sdl1-audio-r1,sdl1-audio,sprite_frame,12,48358813,39868962,81119245,81119245,212625,129135,0,0,70,222,22,100,synthetic_cpu_convert_flip_pump_not_scanout,True
extended,exploratory,extended/sdl1-audio-r1,sdl1-audio,indexed_frame,12,47800745,39240406,95200135,95200135,242082,82423,7,0,61,222,22,100,convert_submit_pump_not_scanout,True
extended,exploratory,extended/sdl1-audio-r1,sdl1-audio,palette_only,12,14496871,15091859,21347051,21347051,30116,85855,0,0,28,85,6,100,submit_and_pump_not_scanout,True
extended,exploratory,extended/sdl2-audio-r1,sdl2-audio,idle_wait,12,20803313,20637317,21735571,21735571,55113,7272,0,0,26,3,0,100,sleep_20ms,True
extended,exploratory,extended/sdl2-audio-r1,sdl2-audio,timer_overhead,12,6493,2509,3706,3706,254,263,0,0,0,0,1,100,cpu,True
extended,exploratory,extended/sdl2-audio-r1,sdl2-audio,event_pump,12,255140,157979,701606,701606,1600,1686,0,0,0,0,1,100,api_return,True
extended,exploratory,extended/sdl2-audio-r1,sdl2-audio,index8_to_argb8888,12,8548609,6797842,16926216,16926216,72241,24256,0,0,5,18,0,100,cpu,True
extended,exploratory,extended/sdl2-audio-r1,sdl2-audio,lock_texture_copy,12,8947115,6416631,15687660,15687660,89640,12543,0,0,5,10,1,100,cpu_upload,True
extended,exploratory,extended/sdl2-audio-r1,sdl2-audio,index8_lock_texture,12,11846567,8207926,32695615,32695615,115904,19338,0,0,8,20,1,100,cpu_convert_upload,True
extended,exploratory,extended/sdl2-audio-r1,sdl2-audio,update_texture,12,9826264,6358543,18136352,18136352,89099,21278,0,0,5,17,0,100,api_return,True
extended,exploratory,extended/sdl2-audio-r1,sdl2-audio,render_clear,12,3108090,1780192,8523308,8523308,23539,13451,0,0,3,2,0,100,api_return,True
extended,exploratory,extended/sdl2-audio-r1,sdl2-audio,render_copy_native,12,11219535,8949520,20095900,20095900,98582,30610,0,0,8,14,1,100,api_return,True
extended,exploratory,extended/sdl2-audio-r1,sdl2-audio,render_scale_nearest,12,11537778,12011540,17935925,17935925,132219,0,0,0,6,18,0,100,api_return,True
extended,exploratory,extended/sdl2-audio-r1,sdl2-audio,render_scale_linear,12,11378045,10586288,19841245,19841245,108604,21034,0,0,8,19,1,100,api_return,True
extended,exploratory,extended/sdl2-audio-r1,sdl2-audio,render_alpha,12,79940406,80969898,87239796,87239796,782362,127410,0,0,50,110,2,100,api_return,True
extended,exploratory,extended/sdl2-audio-r1,sdl2-audio,render_color_mod,12,88350572,89179255,94532984,94532984,879605,129544,0,0,49,140,3,100,api_return,True
extended,exploratory,extended/sdl2-audio-r1,sdl2-audio,render_present,12,37659123,38812320,45617970,45617970,209604,94919,0,0,30,69,14,100,clear_copy_submit_pump_not_scanout,True
extended,exploratory,extended/sdl2-audio-r1,sdl2-audio,indexed_frame,12,81182144,81107130,94132068,94132068,420515,176360,0,0,71,189,35,100,convert_clear_copy_submit_pump_not_scanout,True
extended,exploratory,extended/sdl2-audio-r1,sdl2-audio,target_two_pass,12,224520842,215497940,318940618,318940618,1560522,553500,756,0,131,440,45,100,convert_nearest2x_linear_submit_pump_not_scanout,True
extended,exploratory,extended/sdl2-audio-r1,sdl2-audio,yuv420_frame,12,69883703,64432863,103206100,103206100,477160,102640,0,0,56,125,23,100,update_convert_submit_pump_not_scanout,True
extended,exploratory,extended/sdl1-no-mitshm-r1,sdl1-no-mitshm,idle_wait,12,20649098,20575785,21466728,21466728,1918,3835,0,0,12,0,0,100,sleep_20ms,True
extended,exploratory,extended/sdl1-no-mitshm-r1,sdl1-no-mitshm,timer_overhead,12,6142,2463,3672,3672,0,436,0,0,0,0,0,100,cpu,True
extended,exploratory,extended/sdl1-no-mitshm-r1,sdl1-no-mitshm,event_pump,12,232690,80702,1154201,1154201,1125,2383,0,0,0,1,1,100,api_return,True
extended,exploratory,extended/sdl1-no-mitshm-r1,sdl1-no-mitshm,index8_to_rgb565,12,4233789,3029099,8096823,8096823,37926,6143,0,0,0,8,1,100,cpu,True
extended,exploratory,extended/sdl1-no-mitshm-r1,sdl1-no-mitshm,index8_to_xrgb8888,12,5754891,5296418,10066449,10066449,64842,0,0,0,0,5,0,100,cpu,True
extended,exploratory,extended/sdl1-no-mitshm-r1,sdl1-no-mitshm,fill_rgb565,12,1762025,1674341,2150599,2150599,21637,0,0,0,0,0,0,100,cpu,True
extended,exploratory,extended/sdl1-no-mitshm-r1,sdl1-no-mitshm,blit_to_screen,12,20792775,14135858,36599406,36599406,149105,0,0,0,0,33,6,100,cpu_no_present,True
extended,exploratory,extended/sdl1-no-mitshm-r1,sdl1-no-mitshm,alpha32_sprite,12,378612,131528,2698546,2698546,0,3741,0,0,0,2,1,100,cpu,True
extended,exploratory,extended/sdl1-no-mitshm-r1,sdl1-no-mitshm,colorkey_sprite,12,349887,220913,1039130,1039130,4389,0,0,0,0,0,0,100,cpu,True
extended,exploratory,extended/sdl1-no-mitshm-r1,sdl1-no-mitshm,present_full,12,20640776,15489573,31341851,31341851,78834,20029,0,0,21,44,14,100,submit_and_pump_not_scanout,True
extended,exploratory,extended/sdl1-no-mitshm-r1,sdl1-no-mitshm,present_dirty32,12,12576710,10999653,25268964,25268964,32266,28026,0,0,19,26,9,100,submit_and_pump_not_scanout,True
extended,exploratory,extended/sdl1-no-mitshm-r1,sdl1-no-mitshm,flip_full,12,17703163,14042013,27461571,27461571,72572,31853,0,0,22,42,11,100,submit_and_pump_not_scanout,True
extended,exploratory,extended/sdl1-no-mitshm-r1,sdl1-no-mitshm,doom_frame,12,21913332,14453826,36116626,36116626,79273,35926,0,0,20,55,14,100,direct_surface_write_flip_pump_not_scanout,True
extended,exploratory,extended/sdl1-no-mitshm-r1,sdl1-no-mitshm,application_expand,12,2821205,1656335,12060342,12060342,22881,0,0,0,0,2,1,100,application_cpu,True
extended,exploratory,extended/sdl1-no-mitshm-r1,sdl1-no-mitshm,tyrian_frame,12,25245934,19663235,38355502,38355502,135575,18553,0,0,22,62,14,100,synthetic_cpu_application_expand_flip_pump_not_scanout,True
extended,exploratory,extended/sdl1-no-mitshm-r1,sdl1-no-mitshm,buffer_copy,12,2555011,1494760,9209002,9209002,23225,0,0,0,0,8,2,100,cpu,True
extended,exploratory,extended/sdl1-no-mitshm-r1,sdl1-no-mitshm,sprite_cpu,12,2860787,2339705,5500624,5500624,32384,0,0,0,0,5,0,100,synthetic_cpu,True
extended,exploratory,extended/sdl1-no-mitshm-r1,sdl1-no-mitshm,sprite_frame,12,25717918,22302725,38939044,38939044,92941,56449,0,0,22,52,15,100,synthetic_cpu_convert_flip_pump_not_scanout,True
extended,exploratory,extended/sdl1-no-mitshm-r1,sdl1-no-mitshm,indexed_frame,12,22763351,20305348,40679829,40679829,77527,48750,0,0,20,36,14,100,convert_submit_pump_not_scanout,True
extended,exploratory,extended/sdl1-no-mitshm-r1,sdl1-no-mitshm,palette_only,12,9789059,8046876,24789810,24789810,0,53368,0,0,18,29,6,100,submit_and_pump_not_scanout,True
gated-futex-on,gated_control,gated-futex-on/sdl1-indexed-timers-r1,sdl1-indexed-timers,indexed_frame,60,55466990,62370918,70208121,71638051,1240248,437602,0,0,1666,1040,154,100,convert_submit_pump_not_scanout,True
gated-futex-on,gated_control,gated-futex-on/sdl1-indexed-r1,sdl1-indexed,indexed_frame,60,20219220,17031960,33185981,40408598,382986,120845,0,0,97,159,66,100,convert_submit_pump_not_scanout,True
gated-futex-on,gated_control,gated-futex-on/sdl2-indexed-timers-r1,sdl2-indexed-timers,indexed_frame,60,45216327,45482841,58151421,61894811,1193800,182981,0,0,88,385,126,100,convert_clear_copy_submit_pump_not_scanout,True
gated-futex-on,gated_control,gated-futex-on/sdl2-indexed-timers-r2,sdl2-indexed-timers,indexed_frame,60,45788789,46338954,59082449,80806437,1274186,107522,73,0,81,397,127,100,convert_clear_copy_submit_pump_not_scanout,True
gated-futex-on,gated_control,gated-futex-on/sdl1-indexed-r2,sdl1-indexed,indexed_frame,60,20535526,19237464,31717844,38979416,290225,204560,0,0,111,162,68,100,convert_submit_pump_not_scanout,True
gated-futex-on,gated_control,gated-futex-on/sdl1-indexed-timers-r2,sdl1-indexed-timers,indexed_frame,60,54415209,58395756,70844119,75222792,1222599,399389,0,0,1651,971,154,100,convert_submit_pump_not_scanout,True
gated-futex-on,gated_control,gated-futex-on/sdl1-indexed-timers-r3,sdl1-indexed-timers,indexed_frame,60,52999992,58005301,70006233,72844593,1024955,567323,0,0,1591,975,147,100,convert_submit_pump_not_scanout,True
gated-futex-on,gated_control,gated-futex-on/sdl1-indexed-r3,sdl1-indexed,indexed_frame,60,21214325,19483022,33108974,35991165,327527,185780,0,0,103,190,71,100,convert_submit_pump_not_scanout,True
gated-futex-on,gated_control,gated-futex-on/sdl2-indexed-timers-r3,sdl2-indexed-timers,indexed_frame,60,45652683,47897631,57194800,68412655,1173643,217702,0,0,80,435,126,100,convert_clear_copy_submit_pump_not_scanout,True
gated-futex-off,gated_control,gated-futex-off/sdl1-indexed-timers-r1,sdl1-indexed-timers,indexed_frame,60,59071767,66866437,74021404,76862520,1279485,474241,0,0,1747,1016,166,100,convert_submit_pump_not_scanout,True
gated-futex-off,gated_control,gated-futex-off/sdl1-indexed-r1,sdl1-indexed,indexed_frame,60,21647165,18817737,38095565,41960364,352435,173158,0,0,101,171,71,100,convert_submit_pump_not_scanout,True
gated-futex-off,gated_control,gated-futex-off/sdl2-indexed-timers-r1,sdl2-indexed-timers,indexed_frame,60,101961802,103236240,130996575,139892663,2762744,1351395,0,0,71,3057,184,100,convert_clear_copy_submit_pump_not_scanout,True
gated-futex-off,gated_control,gated-futex-off/sdl2-indexed-timers-r2,sdl2-indexed-timers,indexed_frame,60,100564948,94673774,136249963,145757116,3256074,819646,0,0,75,3029,178,100,convert_clear_copy_submit_pump_not_scanout,True
gated-futex-off,gated_control,gated-futex-off/sdl1-indexed-r2,sdl1-indexed,indexed_frame,60,21440517,19029643,37045530,41586851,303804,230778,0,0,106,158,70,100,convert_submit_pump_not_scanout,True
gated-futex-off,gated_control,gated-futex-off/sdl1-indexed-timers-r2,sdl1-indexed-timers,indexed_frame,60,58671854,65044624,74900027,82964148,1165100,570365,0,0,1720,1052,165,100,convert_submit_pump_not_scanout,True
gated-futex-off,gated_control,gated-futex-off/sdl1-indexed-timers-r3,sdl1-indexed-timers,indexed_frame,60,59896171,65606903,77930042,105908421,1303514,503980,43,0,1747,1125,164,100,convert_submit_pump_not_scanout,True
gated-futex-off,gated_control,gated-futex-off/sdl1-indexed-r3,sdl1-indexed,indexed_frame,60,21781281,18927627,34561063,47791612,381037,154168,0,0,110,195,73,100,convert_submit_pump_not_scanout,True
gated-futex-off,gated_control,gated-futex-off/sdl2-indexed-timers-r3,sdl2-indexed-timers,indexed_frame,60,108978275,111030459,128843013,134958725,3520617,887241,0,0,76,3743,196,100,convert_clear_copy_submit_pump_not_scanout,True
gated-futex-off-extra,gated_control,gated-futex-off-extra/sdl1-indexed-timers-r1,sdl1-indexed-timers,indexed_frame,60,57931232,64213967,75664903,78239399,1266441,473515,19,0,1701,1048,158,100,convert_submit_pump_not_scanout,True
gated-futex-off-extra,gated_control,gated-futex-off-extra/sdl1-indexed-r1,sdl1-indexed,indexed_frame,60,22044737,18628797,37559110,46654032,301956,244085,0,0,102,230,72,100,convert_submit_pump_not_scanout,True
gated-futex-off-extra,gated_control,gated-futex-off-extra/sdl2-indexed-timers-r1,sdl2-indexed-timers,indexed_frame,60,101957469,101054299,127661562,129093201,3318159,839259,0,0,67,3217,180,100,convert_clear_copy_submit_pump_not_scanout,True
gated-futex-off-extra,gated_control,gated-futex-off-extra/sdl2-indexed-timers-r2,sdl2-indexed-timers,indexed_frame,60,104581156,104169887,128967003,135323240,2813022,1394945,0,0,81,3219,189,100,convert_clear_copy_submit_pump_not_scanout,True
gated-futex-off-extra,gated_control,gated-futex-off-extra/sdl1-indexed-r2,sdl1-indexed,indexed_frame,60,21540017,18847733,33066272,41540936,409401,134914,0,0,101,216,71,100,convert_submit_pump_not_scanout,True
gated-futex-off-extra,gated_control,gated-futex-off-extra/sdl1-indexed-timers-r2,sdl1-indexed-timers,indexed_frame,60,59765143,65330850,76644071,95069951,1255192,509978,0,0,1751,1077,169,100,convert_submit_pump_not_scanout,True
gated-futex-restored,gated_control,gated-futex-restored/sdl1-indexed-timers-r1,sdl1-indexed-timers,indexed_frame,60,53290707,57174750,69236979,71710867,1176018,425688,0,0,1588,975,150,100,convert_submit_pump_not_scanout,True
gated-futex-restored,gated_control,gated-futex-restored/sdl1-indexed-r1,sdl1-indexed,indexed_frame,60,22088677,18141016,37214093,48097233,327960,209982,0,0,105,214,72,100,convert_submit_pump_not_scanout,True
gated-futex-restored,gated_control,gated-futex-restored/sdl2-indexed-timers-r1,sdl2-indexed-timers,indexed_frame,60,44791378,46131049,56815909,66612947,1280690,99217,0,0,82,381,124,100,convert_clear_copy_submit_pump_not_scanout,True
gated-futex-restored,gated_control,gated-futex-restored/sdl2-indexed-timers-r2,sdl2-indexed-timers,indexed_frame,60,44948560,44815255,57123075,60959963,1245757,131781,0,0,88,373,123,100,convert_clear_copy_submit_pump_not_scanout,True
gated-futex-restored,gated_control,gated-futex-restored/sdl1-indexed-r2,sdl1-indexed,indexed_frame,60,20833425,18121441,33648331,40986092,361582,149031,0,0,105,179,69,100,convert_submit_pump_not_scanout,True
gated-futex-restored,gated_control,gated-futex-restored/sdl1-indexed-timers-r2,sdl1-indexed-timers,indexed_frame,60,55614095,61055921,72950683,75724017,1163513,503362,0,0,1660,1040,158,100,convert_submit_pump_not_scanout,True
final-quick,gated_path_smoke,final-quick/sdl1-d8-r1,sdl1-d8,idle_wait,24,20538240,20547762,20956153,20970482,796,10401,0,0,24,0,0,100,sleep_20ms,True
final-quick,gated_path_smoke,final-quick/sdl1-d8-r1,sdl1-d8,timer_overhead,24,5853,2534,2535,4722,114,198,0,0,0,0,0,100,cpu,True
final-quick,gated_path_smoke,final-quick/sdl1-d8-r1,sdl1-d8,event_pump,24,103177,58791,337255,388213,1069,1589,0,0,0,0,0,100,api_return,True
final-quick,gated_path_smoke,final-quick/sdl1-d8-r1,sdl1-d8,index8_to_rgb565,24,3581770,3217788,6329572,7590210,82263,0,0,0,0,6,0,100,cpu,True
final-quick,gated_path_smoke,final-quick/sdl1-d8-r1,sdl1-d8,index8_to_xrgb8888,24,5700379,5209228,9777304,10430248,131065,0,0,0,0,10,1,100,cpu,True
final-quick,gated_path_smoke,final-quick/sdl1-d8-r1,sdl1-d8,fill_rgb565,24,1548474,1509536,1975771,2103008,37367,0,0,0,0,0,0,100,cpu,True
final-quick,gated_path_smoke,final-quick/sdl1-d8-r1,sdl1-d8,blit_to_screen,24,11931392,10886477,14637638,14669193,272016,379,0,0,0,23,0,100,cpu_no_present,True
final-quick,gated_path_smoke,final-quick/sdl1-d8-r1,sdl1-d8,alpha32_sprite,24,186106,119805,392022,819113,4718,0,0,0,0,0,0,100,cpu,True
final-quick,gated_path_smoke,final-quick/sdl1-d8-r1,sdl1-d8,colorkey_sprite,24,280233,198813,542483,796557,6919,0,0,0,0,0,0,100,cpu,True
final-quick,gated_path_smoke,final-quick/sdl1-d8-r1,sdl1-d8,present_full,24,15601302,12876092,25231347,31863904,14911,116378,0,0,42,51,25,100,submit_and_pump_not_scanout,True
final-quick,gated_path_smoke,final-quick/sdl1-d8-r1,sdl1-d8,present_dirty32,24,11254601,9488189,20122337,21201287,70063,33330,0,0,38,57,15,100,submit_and_pump_not_scanout,True
final-quick,gated_path_smoke,final-quick/sdl1-d8-r1,sdl1-d8,flip_full,24,16480960,15015606,26151954,35413189,73645,66120,0,0,46,51,25,100,submit_and_pump_not_scanout,True
final-quick,gated_path_smoke,final-quick/sdl1-d8-r1,sdl1-d8,doom_frame,24,17796240,15316091,26036161,34051171,117047,46861,0,0,42,74,24,100,direct_surface_write_flip_pump_not_scanout,True
final-quick,gated_path_smoke,final-quick/sdl1-d8-r1,sdl1-d8,application_expand,24,1896819,1605525,3686476,4913801,43537,0,0,0,0,5,0,100,application_cpu,True
final-quick,gated_path_smoke,final-quick/sdl1-d8-r1,sdl1-d8,tyrian_frame,24,21904947,17905090,32031027,45173756,143648,85904,0,0,46,73,27,100,synthetic_cpu_application_expand_flip_pump_not_scanout,True
final-quick,gated_path_smoke,final-quick/sdl1-d8-r1,sdl1-d8,buffer_copy,24,1561790,1509101,2069760,2369368,37991,0,0,0,0,0,0,100,cpu,True
final-quick,gated_path_smoke,final-quick/sdl1-d8-r1,sdl1-d8,sprite_cpu,24,2765136,2363293,4821128,5232565,61818,0,0,0,0,6,0,100,synthetic_cpu,True
final-quick,gated_path_smoke,final-quick/sdl1-d8-r1,sdl1-d8,sprite_frame,24,22036742,19547499,34599028,37121064,168437,62591,0,0,42,86,29,100,synthetic_cpu_convert_flip_pump_not_scanout,True
final-quick,gated_path_smoke,final-quick/sdl1-d8-r1,sdl1-d8,indexed_frame,24,20924794,16740705,35240684,37005923,139128,62889,0,0,42,64,27,100,convert_submit_pump_not_scanout,True
final-quick,gated_path_smoke,final-quick/sdl1-d8-r1,sdl1-d8,palette_only,24,8022830,7359776,11477658,11816192,40047,52775,0,0,34,54,10,100,submit_and_pump_not_scanout,True
final-quick,gated_path_smoke,final-quick/sdl1-d16-r1,sdl1-d16,idle_wait,24,20579821,20438234,21014556,21658717,10736,236,0,0,24,0,1,100,sleep_20ms,True
final-quick,gated_path_smoke,final-quick/sdl1-d16-r1,sdl1-d16,timer_overhead,24,35218,2522,3428,700660,1105,0,0,0,0,0,0,100,cpu,True
final-quick,gated_path_smoke,final-quick/sdl1-d16-r1,sdl1-d16,event_pump,24,195575,76110,642353,972396,4870,0,0,0,0,0,0,100,api_return,True
final-quick,gated_path_smoke,final-quick/sdl1-d16-r1,sdl1-d16,index8_to_rgb565,24,3608336,3091882,6067675,6488902,82221,0,0,0,0,6,0,100,cpu,True
final-quick,gated_path_smoke,final-quick/sdl1-d16-r1,sdl1-d16,index8_to_xrgb8888,24,5473593,5215784,7192206,8074697,126126,772,0,0,0,6,0,100,cpu,True
final-quick,gated_path_smoke,final-quick/sdl1-d16-r1,sdl1-d16,fill_rgb565,24,1933335,1736034,2206413,5021590,46017,0,0,0,0,5,0,100,cpu,True
final-quick,gated_path_smoke,final-quick/sdl1-d16-r1,sdl1-d16,blit_to_screen,24,3912133,3550503,5551335,7091920,90894,772,0,0,0,5,0,100,cpu_no_present,True
final-quick,gated_path_smoke,final-quick/sdl1-d16-r1,sdl1-d16,alpha32_sprite,24,181467,119173,364287,829799,4565,0,0,0,0,0,0,100,cpu,True
final-quick,gated_path_smoke,final-quick/sdl1-d16-r1,sdl1-d16,colorkey_sprite,24,281055,197506,634818,916441,6939,0,0,0,0,0,0,100,cpu,True
final-quick,gated_path_smoke,final-quick/sdl1-d16-r1,sdl1-d16,present_full,24,18709078,15109462,30139229,31376033,120298,30193,0,0,41,53,29,100,submit_and_pump_not_scanout,True
final-quick,gated_path_smoke,final-quick/sdl1-d16-r1,sdl1-d16,present_dirty32,24,11564669,10698564,18804221,21933624,48208,58512,0,0,39,54,17,100,submit_and_pump_not_scanout,True
final-quick,gated_path_smoke,final-quick/sdl1-d16-r1,sdl1-d16,flip_full,24,21199391,17749108,37096880,43716427,103280,45320,0,0,46,50,32,100,submit_and_pump_not_scanout,True
final-quick,gated_path_smoke,final-quick/sdl1-d16-r1,sdl1-d16,doom_frame,24,23320887,20342340,41192777,47600707,126537,81399,0,0,41,77,33,100,direct_surface_write_flip_pump_not_scanout,True
final-quick,gated_path_smoke,final-quick/sdl1-d16-r1,sdl1-d16,application_expand,24,4073030,3584122,6774583,7475184,88103,3138,0,0,0,11,0,100,application_cpu,True
final-quick,gated_path_smoke,final-quick/sdl1-d16-r1,sdl1-d16,tyrian_frame,24,27474574,24010476,45704502,52302854,203249,71162,0,0,40,70,36,100,synthetic_cpu_application_expand_flip_pump_not_scanout,True
final-quick,gated_path_smoke,final-quick/sdl1-d16-r1,sdl1-d16,buffer_copy,24,1690974,1534906,2125520,4527783,40166,96,0,0,0,4,0,100,cpu,True
final-quick,gated_path_smoke,final-quick/sdl1-d16-r1,sdl1-d16,sprite_cpu,24,2733249,2416518,2920729,8043222,62565,0,0,0,0,4,1,100,synthetic_cpu,True
final-quick,gated_path_smoke,final-quick/sdl1-d16-r1,sdl1-d16,sprite_frame,24,28212617,26655293,40511175,47491913,170843,100212,0,0,38,66,37,100,synthetic_cpu_convert_flip_pump_not_scanout,True
final-quick,gated_path_smoke,final-quick/sdl1-d16-r1,sdl1-d16,indexed_frame,24,27112540,26064677,49261301,52222818,150755,93493,0,0,43,68,37,100,convert_submit_pump_not_scanout,True
final-quick,gated_path_smoke,final-quick/sdl1-d32-r1,sdl1-d32,idle_wait,24,20605385,20548559,20842784,20911288,669,10509,0,0,24,1,1,100,sleep_20ms,True
final-quick,gated_path_smoke,final-quick/sdl1-d32-r1,sdl1-d32,timer_overhead,24,5751,2488,2497,3691,77,228,0,0,0,0,0,100,cpu,True
final-quick,gated_path_smoke,final-quick/sdl1-d32-r1,sdl1-d32,event_pump,24,117293,58650,307747,636887,976,2011,0,0,0,0,0,100,api_return,True
final-quick,gated_path_smoke,final-quick/sdl1-d32-r1,sdl1-d32,index8_to_rgb565,24,3469955,3034811,3820333,8422256,77258,2950,0,0,0,4,0,100,cpu,True
final-quick,gated_path_smoke,final-quick/sdl1-d32-r1,sdl1-d32,index8_to_xrgb8888,24,5720788,5310729,7671653,11450764,131647,0,0,0,0,10,0,100,cpu,True
final-quick,gated_path_smoke,final-quick/sdl1-d32-r1,sdl1-d32,fill_rgb565,24,1989536,1725612,3850670,4133408,41987,2284,0,0,0,2,0,100,cpu,True
final-quick,gated_path_smoke,final-quick/sdl1-d32-r1,sdl1-d32,blit_to_screen,24,21413505,17649190,32235290,46940094,441293,2166,0,0,0,45,4,100,cpu_no_present,True
final-quick,gated_path_smoke,final-quick/sdl1-d32-r1,sdl1-d32,alpha32_sprite,24,292741,117853,440924,3264298,6330,0,0,0,0,4,0,100,cpu,True
final-quick,gated_path_smoke,final-quick/sdl1-d32-r1,sdl1-d32,colorkey_sprite,24,251609,200056,353897,648246,4736,1485,0,0,0,0,0,100,cpu,True
final-quick,gated_path_smoke,final-quick/sdl1-d32-r1,sdl1-d32,present_full,24,32082542,28196380,44627940,47637479,277573,92087,0,0,37,99,37,100,submit_and_pump_not_scanout,True
final-quick,gated_path_smoke,final-quick/sdl1-d32-r1,sdl1-d32,present_dirty32,24,12090293,9878156,22505579,37931237,56663,54568,0,0,42,47,16,100,submit_and_pump_not_scanout,True
final-quick,gated_path_smoke,final-quick/sdl1-d32-r1,sdl1-d32,flip_full,24,33062743,30389155,45868444,49934840,348798,41516,0,0,36,139,37,100,submit_and_pump_not_scanout,True
final-quick,gated_path_smoke,final-quick/sdl1-d32-r1,sdl1-d32,doom_frame,24,38038439,38991909,49027163,52928108,350226,81301,0,0,37,133,45,100,direct_surface_write_flip_pump_not_scanout,True
final-quick,gated_path_smoke,final-quick/sdl1-d32-r1,sdl1-d32,application_expand,24,5621898,5270789,8460476,8518904,122783,7024,0,0,0,10,0,100,application_cpu,True
final-quick,gated_path_smoke,final-quick/sdl1-d32-r1,sdl1-d32,tyrian_frame,24,40652521,36927824,56291665,56631768,408794,80808,0,0,39,120,46,100,synthetic_cpu_application_expand_flip_pump_not_scanout,True
final-quick,gated_path_smoke,final-quick/sdl1-d32-r1,sdl1-d32,buffer_copy,24,1631524,1503437,1927783,4529320,38712,0,0,0,0,4,0,100,cpu,True
final-quick,gated_path_smoke,final-quick/sdl1-d32-r1,sdl1-d32,sprite_cpu,24,2822984,2271899,5395245,9381522,59809,2861,0,0,0,8,0,100,synthetic_cpu,True
final-quick,gated_path_smoke,final-quick/sdl1-d32-r1,sdl1-d32,sprite_frame,24,42957170,44295852,53899580,55075600,439780,61340,0,0,35,152,48,100,synthetic_cpu_convert_flip_pump_not_scanout,True
final-quick,gated_path_smoke,final-quick/sdl1-d32-r1,sdl1-d32,indexed_frame,24,40442717,39809143,56200965,56655664,437107,33823,0,0,39,123,48,100,convert_submit_pump_not_scanout,True
final-quick,gated_path_smoke,final-quick/sdl2-render-r1,sdl2-render,idle_wait,24,20549088,20581160,20704507,20728047,7488,4264,0,0,24,0,0,100,sleep_20ms,True
final-quick,gated_path_smoke,final-quick/sdl2-render-r1,sdl2-render,timer_overhead,24,5593,2425,2441,3797,186,505,0,0,0,0,0,100,cpu,True
final-quick,gated_path_smoke,final-quick/sdl2-render-r1,sdl2-render,event_pump,24,256646,151353,710369,917703,0,6350,0,0,0,0,0,100,api_return,True
final-quick,gated_path_smoke,final-quick/sdl2-render-r1,sdl2-render,index8_to_argb8888,24,5713442,5221954,8073567,10184880,130678,0,0,0,0,10,1,100,cpu,True
final-quick,gated_path_smoke,final-quick/sdl2-render-r1,sdl2-render,lock_texture_copy,24,6491143,6102579,8716752,9057120,150698,0,0,0,0,10,0,100,cpu_upload,True
final-quick,gated_path_smoke,final-quick/sdl2-render-r1,sdl2-render,index8_lock_texture,24,7420702,6971202,9869396,11507184,172557,0,0,0,0,11,0,100,cpu_convert_upload,True
final-quick,gated_path_smoke,final-quick/sdl2-render-r1,sdl2-render,update_texture,24,7625954,6123201,19689404,23929730,147473,8976,0,0,0,19,2,100,api_return,True
final-quick,gated_path_smoke,final-quick/sdl2-render-r1,sdl2-render,render_clear,24,2220877,1809754,3706478,7320320,49610,0,0,0,0,6,0,100,api_return,True
final-quick,gated_path_smoke,final-quick/sdl2-render-r1,sdl2-render,render_copy_native,24,7545099,6974323,9481377,11609262,173054,0,0,0,0,11,0,100,api_return,True
final-quick,gated_path_smoke,final-quick/sdl2-render-r1,sdl2-render,render_scale_nearest,24,7504334,6993145,9760730,11403240,171840,944,0,0,0,15,1,100,api_return,True
final-quick,gated_path_smoke,final-quick/sdl2-render-r1,sdl2-render,render_scale_linear,24,7529369,7004852,11324830,11919594,173544,0,0,0,0,14,0,100,api_return,True
final-quick,gated_path_smoke,final-quick/sdl2-render-r1,sdl2-render,render_alpha,24,53981410,54556090,56808092,57318579,1232584,8801,0,0,0,95,3,100,api_return,True
final-quick,gated_path_smoke,final-quick/sdl2-render-r1,sdl2-render,render_color_mod,24,58256638,57706578,61610592,65533036,1328235,9130,0,0,0,107,2,100,api_return,True
final-quick,gated_path_smoke,final-quick/sdl2-render-r1,sdl2-render,render_present,24,24258512,23450400,28938286,31635559,287911,39669,0,0,34,80,25,100,clear_copy_submit_pump_not_scanout,True
final-quick,gated_path_smoke,final-quick/sdl2-render-r1,sdl2-render,indexed_frame,24,44408059,42801257,65315829,68849214,495745,53464,0,0,30,150,47,100,convert_clear_copy_submit_pump_not_scanout,True
final-quick,gated_path_smoke,final-quick/sdl2-render-r1,sdl2-render,target_two_pass,24,141606566,140650951,151071193,151527726,2103184,418176,1512,0,19,452,78,100,convert_nearest2x_linear_submit_pump_not_scanout,True
final-quick,gated_path_smoke,final-quick/sdl2-render-r1,sdl2-render,yuv420_frame,24,43565896,42502322,52320901,53144613,595812,78982,0,0,24,163,35,100,update_convert_submit_pump_not_scanout,True
final-quick,gated_path_smoke,final-quick/sdl2-surface-r1,sdl2-surface,idle_wait,24,20569611,20551474,20827921,21364085,7458,4005,0,0,24,0,1,100,sleep_20ms,True
final-quick,gated_path_smoke,final-quick/sdl2-surface-r1,sdl2-surface,timer_overhead,24,78506,2397,22447,314447,242,725,0,0,0,1,1,100,cpu,True
final-quick,gated_path_smoke,final-quick/sdl2-surface-r1,sdl2-surface,event_pump,24,262023,181414,572316,645708,1814,4649,0,0,0,0,0,100,api_return,True
final-quick,gated_path_smoke,final-quick/sdl2-surface-r1,sdl2-surface,index8_to_argb8888,24,5620652,5223834,7923323,8969505,130155,0,0,0,0,11,0,100,cpu,True
final-quick,gated_path_smoke,final-quick/sdl2-surface-r1,sdl2-surface,surface_frame,24,27968088,22544126,41343980,42630186,171111,85540,0,0,45,87,38,100,convert_submit_pump_not_scanout,True
final-quick,gated_path_smoke,final-quick/sdl2-surface-r1,sdl2-surface,surface_dirty32,24,11303926,8812411,25731518,27746528,47478,56416,0,0,33,51,17,100,submit_and_pump_not_scanout,True
